insert into sala(id_sala, numero, lotacao, tipo_sala, data_show, crimatizacao, obs, sala_especial)
                            values (0, 0, 10, null, false, false, null, true);insert into sala(id_sala, numero, lotacao, tipo_sala, data_show, crimatizacao, obs, sala_especial)
                            values (1, 1, 11, null, true, true, null, false);insert into sala(id_sala, numero, lotacao, tipo_sala, data_show, crimatizacao, obs, sala_especial)
                            values (2, 2, 12, null, false, false, null, true);insert into sala(id_sala, numero, lotacao, tipo_sala, data_show, crimatizacao, obs, sala_especial)
                            values (3, 3, 13, null, true, true, null, false);insert into sala(id_sala, numero, lotacao, tipo_sala, data_show, crimatizacao, obs, sala_especial)
                            values (4, 4, 14, null, false, false, null, true);insert into sala(id_sala, numero, lotacao, tipo_sala, data_show, crimatizacao, obs, sala_especial)
                            values (5, 5, 15, null, true, true, null, false);insert into sala(id_sala, numero, lotacao, tipo_sala, data_show, crimatizacao, obs, sala_especial)
                            values (6, 6, 16, null, false, false, null, true);insert into sala(id_sala, numero, lotacao, tipo_sala, data_show, crimatizacao, obs, sala_especial)
                            values (7, 7, 17, null, true, true, null, false);insert into sala(id_sala, numero, lotacao, tipo_sala, data_show, crimatizacao, obs, sala_especial)
                            values (8, 8, 18, null, false, false, null, true);insert into sala(id_sala, numero, lotacao, tipo_sala, data_show, crimatizacao, obs, sala_especial)
                            values (9, 9, 19, null, true, true, null, false);
            insert into reserva(id_reserva, id_sala, motivo_reserva, recursos_adicionais, horario_inicio, horario_fim,  token_reserva, confirmado)
            values (0, 0, null, null, '2023-10-20 20:46:53.403505', '2023-10-20 23:46:53.403505', null, true);
            insert into reserva_responsavel(id_reserva, responsavel) values (0, 'email10@email.com');
            
            insert into reserva(id_reserva, id_sala, motivo_reserva, recursos_adicionais, horario_inicio, horario_fim,  token_reserva, confirmado)
            values (1, 0, null, null, '2023-10-20 21:46:53.403505', '2023-10-21 00:46:53.403505', null, true);
            insert into reserva_responsavel(id_reserva, responsavel) values (1, 'email11@email.com');
            
            insert into reserva(id_reserva, id_sala, motivo_reserva, recursos_adicionais, horario_inicio, horario_fim,  token_reserva, confirmado)
            values (2, 0, null, null, '2023-10-20 22:46:53.403505', '2023-10-21 01:46:53.403505', null, true);
            insert into reserva_responsavel(id_reserva, responsavel) values (2, 'email12@email.com');
            
            insert into reserva(id_reserva, id_sala, motivo_reserva, recursos_adicionais, horario_inicio, horario_fim,  token_reserva, confirmado)
            values (3, 0, null, null, '2023-10-20 23:46:53.403505', '2023-10-21 02:46:53.403505', null, true);
            insert into reserva_responsavel(id_reserva, responsavel) values (3, 'email13@email.com');
            
            insert into reserva(id_reserva, id_sala, motivo_reserva, recursos_adicionais, horario_inicio, horario_fim,  token_reserva, confirmado)
            values (4, 0, null, null, '2023-10-21 00:46:53.403505', '2023-10-21 03:46:53.403505', null, true);
            insert into reserva_responsavel(id_reserva, responsavel) values (4, 'email14@email.com');
            
            insert into reserva(id_reserva, id_sala, motivo_reserva, recursos_adicionais, horario_inicio, horario_fim,  token_reserva, confirmado)
            values (5, 1, null, null, '2023-10-20 20:46:53.403505', '2023-10-20 23:46:53.403505', null, true);
            insert into reserva_responsavel(id_reserva, responsavel) values (5, 'email15@email.com');
            
            insert into reserva(id_reserva, id_sala, motivo_reserva, recursos_adicionais, horario_inicio, horario_fim,  token_reserva, confirmado)
            values (6, 1, null, null, '2023-10-20 21:46:53.403505', '2023-10-21 00:46:53.403505', null, true);
            insert into reserva_responsavel(id_reserva, responsavel) values (6, 'email16@email.com');
            
            insert into reserva(id_reserva, id_sala, motivo_reserva, recursos_adicionais, horario_inicio, horario_fim,  token_reserva, confirmado)
            values (7, 1, null, null, '2023-10-20 22:46:53.403505', '2023-10-21 01:46:53.403505', null, true);
            insert into reserva_responsavel(id_reserva, responsavel) values (7, 'email17@email.com');
            
            insert into reserva(id_reserva, id_sala, motivo_reserva, recursos_adicionais, horario_inicio, horario_fim,  token_reserva, confirmado)
            values (8, 1, null, null, '2023-10-20 23:46:53.403505', '2023-10-21 02:46:53.403505', null, true);
            insert into reserva_responsavel(id_reserva, responsavel) values (8, 'email18@email.com');
            
            insert into reserva(id_reserva, id_sala, motivo_reserva, recursos_adicionais, horario_inicio, horario_fim,  token_reserva, confirmado)
            values (9, 1, null, null, '2023-10-21 00:46:53.403505', '2023-10-21 03:46:53.403505', null, true);
            insert into reserva_responsavel(id_reserva, responsavel) values (9, 'email19@email.com');
            
            insert into reserva(id_reserva, id_sala, motivo_reserva, recursos_adicionais, horario_inicio, horario_fim,  token_reserva, confirmado)
            values (10, 2, null, null, '2023-10-20 20:46:53.403505', '2023-10-20 23:46:53.403505', null, true);
            insert into reserva_responsavel(id_reserva, responsavel) values (10, 'email10@email.com');
            
            insert into reserva(id_reserva, id_sala, motivo_reserva, recursos_adicionais, horario_inicio, horario_fim,  token_reserva, confirmado)
            values (11, 2, null, null, '2023-10-20 21:46:53.403505', '2023-10-21 00:46:53.403505', null, true);
            insert into reserva_responsavel(id_reserva, responsavel) values (11, 'email19@email.com');
            
            insert into reserva(id_reserva, id_sala, motivo_reserva, recursos_adicionais, horario_inicio, horario_fim,  token_reserva, confirmado)
            values (12, 2, null, null, '2023-10-20 22:46:53.403505', '2023-10-21 01:46:53.403505', null, true);
            insert into reserva_responsavel(id_reserva, responsavel) values (12, 'email18@email.com');
            
            insert into reserva(id_reserva, id_sala, motivo_reserva, recursos_adicionais, horario_inicio, horario_fim,  token_reserva, confirmado)
            values (13, 2, null, null, '2023-10-20 23:46:53.403505', '2023-10-21 02:46:53.403505', null, true);
            insert into reserva_responsavel(id_reserva, responsavel) values (13, 'email17@email.com');
            
            insert into reserva(id_reserva, id_sala, motivo_reserva, recursos_adicionais, horario_inicio, horario_fim,  token_reserva, confirmado)
            values (14, 2, null, null, '2023-10-21 00:46:53.403505', '2023-10-21 03:46:53.403505', null, true);
            insert into reserva_responsavel(id_reserva, responsavel) values (14, 'email17@email.com');
            
            insert into reserva(id_reserva, id_sala, motivo_reserva, recursos_adicionais, horario_inicio, horario_fim,  token_reserva, confirmado)
            values (15, 3, null, null, '2023-10-20 20:46:53.403505', '2023-10-20 23:46:53.403505', null, true);
            insert into reserva_responsavel(id_reserva, responsavel) values (15, 'email16@email.com');
            
            insert into reserva(id_reserva, id_sala, motivo_reserva, recursos_adicionais, horario_inicio, horario_fim,  token_reserva, confirmado)
            values (16, 3, null, null, '2023-10-20 21:46:53.403505', '2023-10-21 00:46:53.403505', null, true);
            insert into reserva_responsavel(id_reserva, responsavel) values (16, 'email16@email.com');
            
            insert into reserva(id_reserva, id_sala, motivo_reserva, recursos_adicionais, horario_inicio, horario_fim,  token_reserva, confirmado)
            values (17, 3, null, null, '2023-10-20 22:46:53.403505', '2023-10-21 01:46:53.403505', null, true);
            insert into reserva_responsavel(id_reserva, responsavel) values (17, 'email15@email.com');
            
            insert into reserva(id_reserva, id_sala, motivo_reserva, recursos_adicionais, horario_inicio, horario_fim,  token_reserva, confirmado)
            values (18, 3, null, null, '2023-10-20 23:46:53.403505', '2023-10-21 02:46:53.403505', null, true);
            insert into reserva_responsavel(id_reserva, responsavel) values (18, 'email15@email.com');
            
            insert into reserva(id_reserva, id_sala, motivo_reserva, recursos_adicionais, horario_inicio, horario_fim,  token_reserva, confirmado)
            values (19, 3, null, null, '2023-10-21 00:46:53.403505', '2023-10-21 03:46:53.403505', null, true);
            insert into reserva_responsavel(id_reserva, responsavel) values (19, 'email15@email.com');
            
            insert into reserva(id_reserva, id_sala, motivo_reserva, recursos_adicionais, horario_inicio, horario_fim,  token_reserva, confirmado)
            values (20, 4, null, null, '2023-10-20 20:46:53.403505', '2023-10-20 23:46:53.403505', null, true);
            insert into reserva_responsavel(id_reserva, responsavel) values (20, 'email15@email.com');
            
            insert into reserva(id_reserva, id_sala, motivo_reserva, recursos_adicionais, horario_inicio, horario_fim,  token_reserva, confirmado)
            values (21, 4, null, null, '2023-10-20 21:46:53.403505', '2023-10-21 00:46:53.403505', null, true);
            insert into reserva_responsavel(id_reserva, responsavel) values (21, 'email14@email.com');
            
            insert into reserva(id_reserva, id_sala, motivo_reserva, recursos_adicionais, horario_inicio, horario_fim,  token_reserva, confirmado)
            values (22, 4, null, null, '2023-10-20 22:46:53.403505', '2023-10-21 01:46:53.403505', null, true);
            insert into reserva_responsavel(id_reserva, responsavel) values (22, 'email14@email.com');
            
            insert into reserva(id_reserva, id_sala, motivo_reserva, recursos_adicionais, horario_inicio, horario_fim,  token_reserva, confirmado)
            values (23, 4, null, null, '2023-10-20 23:46:53.403505', '2023-10-21 02:46:53.403505', null, true);
            insert into reserva_responsavel(id_reserva, responsavel) values (23, 'email14@email.com');
            
            insert into reserva(id_reserva, id_sala, motivo_reserva, recursos_adicionais, horario_inicio, horario_fim,  token_reserva, confirmado)
            values (24, 4, null, null, '2023-10-21 00:46:53.403505', '2023-10-21 03:46:53.403505', null, true);
            insert into reserva_responsavel(id_reserva, responsavel) values (24, 'email14@email.com');
            
            insert into reserva(id_reserva, id_sala, motivo_reserva, recursos_adicionais, horario_inicio, horario_fim,  token_reserva, confirmado)
            values (25, 5, null, null, '2023-10-20 20:46:53.403505', '2023-10-20 23:46:53.403505', null, true);
            insert into reserva_responsavel(id_reserva, responsavel) values (25, 'email14@email.com');
            
            insert into reserva(id_reserva, id_sala, motivo_reserva, recursos_adicionais, horario_inicio, horario_fim,  token_reserva, confirmado)
            values (26, 5, null, null, '2023-10-20 21:46:53.403505', '2023-10-21 00:46:53.403505', null, true);
            insert into reserva_responsavel(id_reserva, responsavel) values (26, 'email13@email.com');
            
            insert into reserva(id_reserva, id_sala, motivo_reserva, recursos_adicionais, horario_inicio, horario_fim,  token_reserva, confirmado)
            values (27, 5, null, null, '2023-10-20 22:46:53.403505', '2023-10-21 01:46:53.403505', null, true);
            insert into reserva_responsavel(id_reserva, responsavel) values (27, 'email13@email.com');
            
            insert into reserva(id_reserva, id_sala, motivo_reserva, recursos_adicionais, horario_inicio, horario_fim,  token_reserva, confirmado)
            values (28, 5, null, null, '2023-10-20 23:46:53.403505', '2023-10-21 02:46:53.403505', null, true);
            insert into reserva_responsavel(id_reserva, responsavel) values (28, 'email13@email.com');
            
            insert into reserva(id_reserva, id_sala, motivo_reserva, recursos_adicionais, horario_inicio, horario_fim,  token_reserva, confirmado)
            values (29, 5, null, null, '2023-10-21 00:46:53.403505', '2023-10-21 03:46:53.403505', null, true);
            insert into reserva_responsavel(id_reserva, responsavel) values (29, 'email13@email.com');
            
            insert into reserva(id_reserva, id_sala, motivo_reserva, recursos_adicionais, horario_inicio, horario_fim,  token_reserva, confirmado)
            values (30, 6, null, null, '2023-10-20 20:46:53.403505', '2023-10-20 23:46:53.403505', null, true);
            insert into reserva_responsavel(id_reserva, responsavel) values (30, 'email13@email.com');
            
            insert into reserva(id_reserva, id_sala, motivo_reserva, recursos_adicionais, horario_inicio, horario_fim,  token_reserva, confirmado)
            values (31, 6, null, null, '2023-10-20 21:46:53.403505', '2023-10-21 00:46:53.403505', null, true);
            insert into reserva_responsavel(id_reserva, responsavel) values (31, 'email13@email.com');
            
            insert into reserva(id_reserva, id_sala, motivo_reserva, recursos_adicionais, horario_inicio, horario_fim,  token_reserva, confirmado)
            values (32, 6, null, null, '2023-10-20 22:46:53.403505', '2023-10-21 01:46:53.403505', null, true);
            insert into reserva_responsavel(id_reserva, responsavel) values (32, 'email13@email.com');
            
            insert into reserva(id_reserva, id_sala, motivo_reserva, recursos_adicionais, horario_inicio, horario_fim,  token_reserva, confirmado)
            values (33, 6, null, null, '2023-10-20 23:46:53.403505', '2023-10-21 02:46:53.403505', null, true);
            insert into reserva_responsavel(id_reserva, responsavel) values (33, 'email13@email.com');
            
            insert into reserva(id_reserva, id_sala, motivo_reserva, recursos_adicionais, horario_inicio, horario_fim,  token_reserva, confirmado)
            values (34, 6, null, null, '2023-10-21 00:46:53.403505', '2023-10-21 03:46:53.403505', null, true);
            insert into reserva_responsavel(id_reserva, responsavel) values (34, 'email12@email.com');
            
            insert into reserva(id_reserva, id_sala, motivo_reserva, recursos_adicionais, horario_inicio, horario_fim,  token_reserva, confirmado)
            values (35, 7, null, null, '2023-10-20 20:46:53.403505', '2023-10-20 23:46:53.403505', null, true);
            insert into reserva_responsavel(id_reserva, responsavel) values (35, 'email12@email.com');
            
            insert into reserva(id_reserva, id_sala, motivo_reserva, recursos_adicionais, horario_inicio, horario_fim,  token_reserva, confirmado)
            values (36, 7, null, null, '2023-10-20 21:46:53.403505', '2023-10-21 00:46:53.403505', null, true);
            insert into reserva_responsavel(id_reserva, responsavel) values (36, 'email12@email.com');
            
            insert into reserva(id_reserva, id_sala, motivo_reserva, recursos_adicionais, horario_inicio, horario_fim,  token_reserva, confirmado)
            values (37, 7, null, null, '2023-10-20 22:46:53.403505', '2023-10-21 01:46:53.403505', null, true);
            insert into reserva_responsavel(id_reserva, responsavel) values (37, 'email12@email.com');
            
            insert into reserva(id_reserva, id_sala, motivo_reserva, recursos_adicionais, horario_inicio, horario_fim,  token_reserva, confirmado)
            values (38, 7, null, null, '2023-10-20 23:46:53.403505', '2023-10-21 02:46:53.403505', null, true);
            insert into reserva_responsavel(id_reserva, responsavel) values (38, 'email12@email.com');
            
            insert into reserva(id_reserva, id_sala, motivo_reserva, recursos_adicionais, horario_inicio, horario_fim,  token_reserva, confirmado)
            values (39, 7, null, null, '2023-10-21 00:46:53.403505', '2023-10-21 03:46:53.403505', null, true);
            insert into reserva_responsavel(id_reserva, responsavel) values (39, 'email12@email.com');
            
            insert into reserva(id_reserva, id_sala, motivo_reserva, recursos_adicionais, horario_inicio, horario_fim,  token_reserva, confirmado)
            values (40, 8, null, null, '2023-10-20 20:46:53.403505', '2023-10-20 23:46:53.403505', null, true);
            insert into reserva_responsavel(id_reserva, responsavel) values (40, 'email12@email.com');
            
            insert into reserva(id_reserva, id_sala, motivo_reserva, recursos_adicionais, horario_inicio, horario_fim,  token_reserva, confirmado)
            values (41, 8, null, null, '2023-10-20 21:46:53.403505', '2023-10-21 00:46:53.403505', null, true);
            insert into reserva_responsavel(id_reserva, responsavel) values (41, 'email12@email.com');
            
            insert into reserva(id_reserva, id_sala, motivo_reserva, recursos_adicionais, horario_inicio, horario_fim,  token_reserva, confirmado)
            values (42, 8, null, null, '2023-10-20 22:46:53.403505', '2023-10-21 01:46:53.403505', null, true);
            insert into reserva_responsavel(id_reserva, responsavel) values (42, 'email12@email.com');
            
            insert into reserva(id_reserva, id_sala, motivo_reserva, recursos_adicionais, horario_inicio, horario_fim,  token_reserva, confirmado)
            values (43, 8, null, null, '2023-10-20 23:46:53.403505', '2023-10-21 02:46:53.403505', null, true);
            insert into reserva_responsavel(id_reserva, responsavel) values (43, 'email12@email.com');
            
            insert into reserva(id_reserva, id_sala, motivo_reserva, recursos_adicionais, horario_inicio, horario_fim,  token_reserva, confirmado)
            values (44, 8, null, null, '2023-10-21 00:46:53.403505', '2023-10-21 03:46:53.403505', null, true);
            insert into reserva_responsavel(id_reserva, responsavel) values (44, 'email12@email.com');
            
            insert into reserva(id_reserva, id_sala, motivo_reserva, recursos_adicionais, horario_inicio, horario_fim,  token_reserva, confirmado)
            values (45, 9, null, null, '2023-10-20 20:46:53.403505', '2023-10-20 23:46:53.403505', null, true);
            insert into reserva_responsavel(id_reserva, responsavel) values (45, 'email12@email.com');
            
            insert into reserva(id_reserva, id_sala, motivo_reserva, recursos_adicionais, horario_inicio, horario_fim,  token_reserva, confirmado)
            values (46, 9, null, null, '2023-10-20 21:46:53.403505', '2023-10-21 00:46:53.403505', null, true);
            insert into reserva_responsavel(id_reserva, responsavel) values (46, 'email12@email.com');
            
            insert into reserva(id_reserva, id_sala, motivo_reserva, recursos_adicionais, horario_inicio, horario_fim,  token_reserva, confirmado)
            values (47, 9, null, null, '2023-10-20 22:46:53.403505', '2023-10-21 01:46:53.403505', null, true);
            insert into reserva_responsavel(id_reserva, responsavel) values (47, 'email12@email.com');
            
            insert into reserva(id_reserva, id_sala, motivo_reserva, recursos_adicionais, horario_inicio, horario_fim,  token_reserva, confirmado)
            values (48, 9, null, null, '2023-10-20 23:46:53.403505', '2023-10-21 02:46:53.403505', null, true);
            insert into reserva_responsavel(id_reserva, responsavel) values (48, 'email12@email.com');
            
            insert into reserva(id_reserva, id_sala, motivo_reserva, recursos_adicionais, horario_inicio, horario_fim,  token_reserva, confirmado)
            values (49, 9, null, null, '2023-10-21 00:46:53.403505', '2023-10-21 03:46:53.403505', null, true);
            insert into reserva_responsavel(id_reserva, responsavel) values (49, 'email12@email.com');
            