use sistema_reserva_salas_db;

insert into usuario(email, nome, senha, contato_telefone, token_recuperacao_senha)
    values('email1@email.com','nome 1', 'jsk232d3333dddsdl', '009909093', null);
        
insert into usuario(email, nome, senha, contato_telefone, token_recuperacao_senha)
    values('email2@email.com','nome 2', 'jsk232d3333dddsdl', '009909093', null);
        
insert into usuario(email, nome, senha, contato_telefone, token_recuperacao_senha)
    values('email3@email.com','nome 3', 'jsk232d3333dddsdl', '009909093', null);
        
insert into usuario(email, nome, senha, contato_telefone, token_recuperacao_senha)
    values('email4@email.com','nome 4', 'jsk232d3333dddsdl', '009909093', null);
        
insert into usuario(email, nome, senha, contato_telefone, token_recuperacao_senha)
    values('email5@email.com','nome 5', 'jsk232d3333dddsdl', '009909093', null);
        
insert into usuario(email, nome, senha, contato_telefone, token_recuperacao_senha)
    values('email6@email.com','nome 6', 'jsk232d3333dddsdl', '009909093', null);
        
insert into usuario(email, nome, senha, contato_telefone, token_recuperacao_senha)
    values('email7@email.com','nome 7', 'jsk232d3333dddsdl', '009909093', null);
        
insert into usuario(email, nome, senha, contato_telefone, token_recuperacao_senha)
    values('email8@email.com','nome 8', 'jsk232d3333dddsdl', '009909093', null);
        
insert into usuario(email, nome, senha, contato_telefone, token_recuperacao_senha)
    values('email9@email.com','nome 9', 'jsk232d3333dddsdl', '009909093', null);
        
insert into usuario(email, nome, senha, contato_telefone, token_recuperacao_senha)
    values('email10@email.com','nome 10', 'jsk232d3333dddsdl', '009909093', null);
        
insert into usuario(email, nome, senha, contato_telefone, token_recuperacao_senha)
    values('email11@email.com','nome 11', 'jsk232d3333dddsdl', '009909093', null);
        
insert into usuario(email, nome, senha, contato_telefone, token_recuperacao_senha)
    values('email12@email.com','nome 12', 'jsk232d3333dddsdl', '009909093', null);
        
insert into usuario(email, nome, senha, contato_telefone, token_recuperacao_senha)
    values('email13@email.com','nome 13', 'jsk232d3333dddsdl', '009909093', null);
        
insert into usuario(email, nome, senha, contato_telefone, token_recuperacao_senha)
    values('email14@email.com','nome 14', 'jsk232d3333dddsdl', '009909093', null);
        
insert into usuario(email, nome, senha, contato_telefone, token_recuperacao_senha)
    values('email15@email.com','nome 15', 'jsk232d3333dddsdl', '009909093', null);
        
insert into usuario(email, nome, senha, contato_telefone, token_recuperacao_senha)
    values('email16@email.com','nome 16', 'jsk232d3333dddsdl', '009909093', null);
        
insert into usuario(email, nome, senha, contato_telefone, token_recuperacao_senha)
    values('email17@email.com','nome 17', 'jsk232d3333dddsdl', '009909093', null);
        
insert into usuario(email, nome, senha, contato_telefone, token_recuperacao_senha)
    values('email18@email.com','nome 18', 'jsk232d3333dddsdl', '009909093', null);
        
insert into usuario(email, nome, senha, contato_telefone, token_recuperacao_senha)
    values('email19@email.com','nome 19', 'jsk232d3333dddsdl', '009909093', null);
        
insert into usuario(email, nome, senha, contato_telefone, token_recuperacao_senha)
    values('email20@email.com','nome 20', 'jsk232d3333dddsdl', '009909093', null);
        
insert into usuario(email, nome, senha, contato_telefone, token_recuperacao_senha)
    values('email21@email.com','nome 21', 'jsk232d3333dddsdl', '009909093', null);
        
insert into usuario(email, nome, senha, contato_telefone, token_recuperacao_senha)
    values('email22@email.com','nome 22', 'jsk232d3333dddsdl', '009909093', null);
        
insert into usuario(email, nome, senha, contato_telefone, token_recuperacao_senha)
    values('email23@email.com','nome 23', 'jsk232d3333dddsdl', '009909093', null);
        
insert into usuario(email, nome, senha, contato_telefone, token_recuperacao_senha)
    values('email24@email.com','nome 24', 'jsk232d3333dddsdl', '009909093', null);
        
insert into usuario(email, nome, senha, contato_telefone, token_recuperacao_senha)
    values('email25@email.com','nome 25', 'jsk232d3333dddsdl', '009909093', null);
        
insert into usuario(email, nome, senha, contato_telefone, token_recuperacao_senha)
    values('email26@email.com','nome 26', 'jsk232d3333dddsdl', '009909093', null);
        
insert into usuario(email, nome, senha, contato_telefone, token_recuperacao_senha)
    values('email27@email.com','nome 27', 'jsk232d3333dddsdl', '009909093', null);
        
insert into usuario(email, nome, senha, contato_telefone, token_recuperacao_senha)
    values('email28@email.com','nome 28', 'jsk232d3333dddsdl', '009909093', null);
        
insert into usuario(email, nome, senha, contato_telefone, token_recuperacao_senha)
    values('email29@email.com','nome 29', 'jsk232d3333dddsdl', '009909093', null);
        
insert into usuario(email, nome, senha, contato_telefone, token_recuperacao_senha)
    values('email30@email.com','nome 30', 'jsk232d3333dddsdl', '009909093', null);
        
insert into usuario(email, nome, senha, contato_telefone, token_recuperacao_senha)
    values('email31@email.com','nome 31', 'jsk232d3333dddsdl', '009909093', null);
        
insert into usuario(email, nome, senha, contato_telefone, token_recuperacao_senha)
    values('email32@email.com','nome 32', 'jsk232d3333dddsdl', '009909093', null);
        
insert into usuario(email, nome, senha, contato_telefone, token_recuperacao_senha)
    values('email33@email.com','nome 33', 'jsk232d3333dddsdl', '009909093', null);
        
insert into usuario(email, nome, senha, contato_telefone, token_recuperacao_senha)
    values('email34@email.com','nome 34', 'jsk232d3333dddsdl', '009909093', null);
        
insert into usuario(email, nome, senha, contato_telefone, token_recuperacao_senha)
    values('email35@email.com','nome 35', 'jsk232d3333dddsdl', '009909093', null);
        
insert into usuario(email, nome, senha, contato_telefone, token_recuperacao_senha)
    values('email36@email.com','nome 36', 'jsk232d3333dddsdl', '009909093', null);
        
insert into usuario(email, nome, senha, contato_telefone, token_recuperacao_senha)
    values('email37@email.com','nome 37', 'jsk232d3333dddsdl', '009909093', null);
        
insert into usuario(email, nome, senha, contato_telefone, token_recuperacao_senha)
    values('email38@email.com','nome 38', 'jsk232d3333dddsdl', '009909093', null);
        
insert into usuario(email, nome, senha, contato_telefone, token_recuperacao_senha)
    values('email39@email.com','nome 39', 'jsk232d3333dddsdl', '009909093', null);
        
insert into usuario(email, nome, senha, contato_telefone, token_recuperacao_senha)
    values('email40@email.com','nome 40', 'jsk232d3333dddsdl', '009909093', null);
        
insert into discente(matricula, di_email) values (1, 'email1@email.com');
        
insert into discente(matricula, di_email) values (2, 'email2@email.com');
        
insert into discente(matricula, di_email) values (3, 'email3@email.com');
        
insert into discente(matricula, di_email) values (4, 'email4@email.com');
        
insert into discente(matricula, di_email) values (5, 'email5@email.com');
        
insert into discente(matricula, di_email) values (6, 'email6@email.com');
        
insert into discente(matricula, di_email) values (7, 'email7@email.com');
        
insert into discente(matricula, di_email) values (8, 'email8@email.com');
        
insert into discente(matricula, di_email) values (9, 'email9@email.com');
        
insert into discente(matricula, di_email) values (10, 'email10@email.com');
        
insert into doscente(siape, do_email) values (11, 'email11@email.com');
        
insert into doscente(siape, do_email) values (12, 'email12@email.com');
        
insert into doscente(siape, do_email) values (13, 'email13@email.com');
        
insert into doscente(siape, do_email) values (14, 'email14@email.com');
        
insert into doscente(siape, do_email) values (15, 'email15@email.com');
        
insert into doscente(siape, do_email) values (16, 'email16@email.com');
        
insert into doscente(siape, do_email) values (17, 'email17@email.com');
        
insert into doscente(siape, do_email) values (18, 'email18@email.com');
        
insert into doscente(siape, do_email) values (19, 'email19@email.com');
        
insert into doscente(siape, do_email) values (20, 'email20@email.com');
        
insert into fucionario_tercerizado(cpf, fu_email) values ('000000021', 'email21@email.com');
        
insert into fucionario_tercerizado(cpf, fu_email) values ('000000022', 'email22@email.com');
        
insert into fucionario_tercerizado(cpf, fu_email) values ('000000023', 'email23@email.com');
        
insert into fucionario_tercerizado(cpf, fu_email) values ('000000024', 'email24@email.com');
        
insert into fucionario_tercerizado(cpf, fu_email) values ('000000025', 'email25@email.com');
        
insert into fucionario_tercerizado(cpf, fu_email) values ('000000026', 'email26@email.com');
        
insert into fucionario_tercerizado(cpf, fu_email) values ('000000027', 'email27@email.com');
        
insert into fucionario_tercerizado(cpf, fu_email) values ('000000028', 'email28@email.com');
        
insert into fucionario_tercerizado(cpf, fu_email) values ('000000029', 'email29@email.com');
        
insert into fucionario_tercerizado(cpf, fu_email) values ('000000030', 'email30@email.com');
        
insert into tecnicos_adm(cpf, tec_email) values ('000000031', 'email31@email.com');
        
insert into tecnicos_adm(cpf, tec_email) values ('000000032', 'email32@email.com');
        
insert into tecnicos_adm(cpf, tec_email) values ('000000033', 'email33@email.com');
        
insert into tecnicos_adm(cpf, tec_email) values ('000000034', 'email34@email.com');
        
insert into tecnicos_adm(cpf, tec_email) values ('000000035', 'email35@email.com');
        
insert into tecnicos_adm(cpf, tec_email) values ('000000036', 'email36@email.com');
        
insert into tecnicos_adm(cpf, tec_email) values ('000000037', 'email37@email.com');
        
insert into tecnicos_adm(cpf, tec_email) values ('000000038', 'email38@email.com');
        
insert into tecnicos_adm(cpf, tec_email) values ('000000039', 'email39@email.com');
        
insert into tecnicos_adm(cpf, tec_email) values ('000000040', 'email40@email.com');
        /*
 insere salas */
insert into sala(id_sala, numero, lotacao, tipo_sala, data_show, climatizacao, obs, sala_especial)
    values (1, 1, 10, null, false, false, null, true);
        
insert into sala(id_sala, numero, lotacao, tipo_sala, data_show, climatizacao, obs, sala_especial)
    values (2, 2, 11, null, true, true, null, false);
        
insert into sala(id_sala, numero, lotacao, tipo_sala, data_show, climatizacao, obs, sala_especial)
    values (3, 3, 12, null, false, false, null, true);
        
insert into sala(id_sala, numero, lotacao, tipo_sala, data_show, climatizacao, obs, sala_especial)
    values (4, 4, 13, null, true, true, null, false);
        
insert into sala(id_sala, numero, lotacao, tipo_sala, data_show, climatizacao, obs, sala_especial)
    values (5, 5, 14, null, false, false, null, true);
        
insert into sala(id_sala, numero, lotacao, tipo_sala, data_show, climatizacao, obs, sala_especial)
    values (6, 6, 15, null, true, true, null, false);
        
insert into sala(id_sala, numero, lotacao, tipo_sala, data_show, climatizacao, obs, sala_especial)
    values (7, 7, 16, null, false, false, null, true);
        
insert into sala(id_sala, numero, lotacao, tipo_sala, data_show, climatizacao, obs, sala_especial)
    values (8, 8, 17, null, true, true, null, false);
        
insert into sala(id_sala, numero, lotacao, tipo_sala, data_show, climatizacao, obs, sala_especial)
    values (9, 9, 18, null, false, false, null, true);
        
insert into sala(id_sala, numero, lotacao, tipo_sala, data_show, climatizacao, obs, sala_especial)
    values (10, 10, 19, null, true, true, null, false);
        /*
 insere reservas das salas */
insert into reserva(id_reserva, id_sala, motivo_reserva, recursos_adicionais, horario_inicio, horario_fim,  token_reserva, confirmado)
    values (1, 1, null, null, '2023-10-23 20:48:11', '2023-10-23 23:48:11', null, true);

insert into reserva_responsavel(id_reserva, responsavel) values (1, 'email11@email.com');

insert into reserva(id_reserva, id_sala, motivo_reserva, recursos_adicionais, horario_inicio, horario_fim,  token_reserva, confirmado)
    values (2, 1, null, null, '2023-10-23 21:48:11', '2023-10-24 00:48:11', null, true);

insert into reserva_responsavel(id_reserva, responsavel) values (2, 'email12@email.com');

insert into reserva(id_reserva, id_sala, motivo_reserva, recursos_adicionais, horario_inicio, horario_fim,  token_reserva, confirmado)
    values (3, 1, null, null, '2023-10-23 22:48:11', '2023-10-24 01:48:11', null, true);

insert into reserva_responsavel(id_reserva, responsavel) values (3, 'email13@email.com');

insert into reserva(id_reserva, id_sala, motivo_reserva, recursos_adicionais, horario_inicio, horario_fim,  token_reserva, confirmado)
    values (4, 1, null, null, '2023-10-23 23:48:11', '2023-10-24 02:48:11', null, true);

insert into reserva_responsavel(id_reserva, responsavel) values (4, 'email14@email.com');

insert into reserva(id_reserva, id_sala, motivo_reserva, recursos_adicionais, horario_inicio, horario_fim,  token_reserva, confirmado)
    values (5, 1, null, null, '2023-10-24 00:48:11', '2023-10-24 03:48:11', null, true);

insert into reserva_responsavel(id_reserva, responsavel) values (5, 'email15@email.com');

insert into reserva(id_reserva, id_sala, motivo_reserva, recursos_adicionais, horario_inicio, horario_fim,  token_reserva, confirmado)
    values (6, 2, null, null, '2023-10-23 20:48:11', '2023-10-23 23:48:11', null, true);

insert into reserva_responsavel(id_reserva, responsavel) values (6, 'email16@email.com');

insert into reserva(id_reserva, id_sala, motivo_reserva, recursos_adicionais, horario_inicio, horario_fim,  token_reserva, confirmado)
    values (7, 2, null, null, '2023-10-23 21:48:11', '2023-10-24 00:48:11', null, true);

insert into reserva_responsavel(id_reserva, responsavel) values (7, 'email17@email.com');

insert into reserva(id_reserva, id_sala, motivo_reserva, recursos_adicionais, horario_inicio, horario_fim,  token_reserva, confirmado)
    values (8, 2, null, null, '2023-10-23 22:48:11', '2023-10-24 01:48:11', null, true);

insert into reserva_responsavel(id_reserva, responsavel) values (8, 'email18@email.com');

insert into reserva(id_reserva, id_sala, motivo_reserva, recursos_adicionais, horario_inicio, horario_fim,  token_reserva, confirmado)
    values (9, 2, null, null, '2023-10-23 23:48:11', '2023-10-24 02:48:11', null, true);

insert into reserva_responsavel(id_reserva, responsavel) values (9, 'email19@email.com');

insert into reserva(id_reserva, id_sala, motivo_reserva, recursos_adicionais, horario_inicio, horario_fim,  token_reserva, confirmado)
    values (10, 2, null, null, '2023-10-24 00:48:11', '2023-10-24 03:48:11', null, true);

insert into reserva_responsavel(id_reserva, responsavel) values (10, 'email20@email.com');

insert into reserva(id_reserva, id_sala, motivo_reserva, recursos_adicionais, horario_inicio, horario_fim,  token_reserva, confirmado)
    values (11, 3, null, null, '2023-10-23 20:48:11', '2023-10-23 23:48:11', null, true);

insert into reserva_responsavel(id_reserva, responsavel) values (11, 'email11@email.com');

insert into reserva(id_reserva, id_sala, motivo_reserva, recursos_adicionais, horario_inicio, horario_fim,  token_reserva, confirmado)
    values (12, 3, null, null, '2023-10-23 21:48:11', '2023-10-24 00:48:11', null, true);

insert into reserva_responsavel(id_reserva, responsavel) values (12, 'email12@email.com');

insert into reserva(id_reserva, id_sala, motivo_reserva, recursos_adicionais, horario_inicio, horario_fim,  token_reserva, confirmado)
    values (13, 3, null, null, '2023-10-23 22:48:11', '2023-10-24 01:48:11', null, true);

insert into reserva_responsavel(id_reserva, responsavel) values (13, 'email12@email.com');

insert into reserva(id_reserva, id_sala, motivo_reserva, recursos_adicionais, horario_inicio, horario_fim,  token_reserva, confirmado)
    values (14, 3, null, null, '2023-10-23 23:48:11', '2023-10-24 02:48:11', null, true);

insert into reserva_responsavel(id_reserva, responsavel) values (14, 'email14@email.com');

insert into reserva(id_reserva, id_sala, motivo_reserva, recursos_adicionais, horario_inicio, horario_fim,  token_reserva, confirmado)
    values (15, 3, null, null, '2023-10-24 00:48:11', '2023-10-24 03:48:11', null, true);

insert into reserva_responsavel(id_reserva, responsavel) values (15, 'email14@email.com');

insert into reserva(id_reserva, id_sala, motivo_reserva, recursos_adicionais, horario_inicio, horario_fim,  token_reserva, confirmado)
    values (16, 4, null, null, '2023-10-23 20:48:11', '2023-10-23 23:48:11', null, true);

insert into reserva_responsavel(id_reserva, responsavel) values (16, 'email16@email.com');

insert into reserva(id_reserva, id_sala, motivo_reserva, recursos_adicionais, horario_inicio, horario_fim,  token_reserva, confirmado)
    values (17, 4, null, null, '2023-10-23 21:48:11', '2023-10-24 00:48:11', null, true);

insert into reserva_responsavel(id_reserva, responsavel) values (17, 'email17@email.com');

insert into reserva(id_reserva, id_sala, motivo_reserva, recursos_adicionais, horario_inicio, horario_fim,  token_reserva, confirmado)
    values (18, 4, null, null, '2023-10-23 22:48:11', '2023-10-24 01:48:11', null, true);

insert into reserva_responsavel(id_reserva, responsavel) values (18, 'email18@email.com');

insert into reserva(id_reserva, id_sala, motivo_reserva, recursos_adicionais, horario_inicio, horario_fim,  token_reserva, confirmado)
    values (19, 4, null, null, '2023-10-23 23:48:11', '2023-10-24 02:48:11', null, true);

insert into reserva_responsavel(id_reserva, responsavel) values (19, 'email19@email.com');

insert into reserva(id_reserva, id_sala, motivo_reserva, recursos_adicionais, horario_inicio, horario_fim,  token_reserva, confirmado)
    values (20, 4, null, null, '2023-10-24 00:48:11', '2023-10-24 03:48:11', null, true);

insert into reserva_responsavel(id_reserva, responsavel) values (20, 'email20@email.com');

insert into reserva(id_reserva, id_sala, motivo_reserva, recursos_adicionais, horario_inicio, horario_fim,  token_reserva, confirmado)
    values (21, 5, null, null, '2023-10-23 20:48:11', '2023-10-23 23:48:11', null, true);

insert into reserva_responsavel(id_reserva, responsavel) values (21, 'email11@email.com');

insert into reserva(id_reserva, id_sala, motivo_reserva, recursos_adicionais, horario_inicio, horario_fim,  token_reserva, confirmado)
    values (22, 5, null, null, '2023-10-23 21:48:11', '2023-10-24 00:48:11', null, true);

insert into reserva_responsavel(id_reserva, responsavel) values (22, 'email12@email.com');

insert into reserva(id_reserva, id_sala, motivo_reserva, recursos_adicionais, horario_inicio, horario_fim,  token_reserva, confirmado)
    values (23, 5, null, null, '2023-10-23 22:48:11', '2023-10-24 01:48:11', null, true);

insert into reserva_responsavel(id_reserva, responsavel) values (23, 'email13@email.com');

insert into reserva(id_reserva, id_sala, motivo_reserva, recursos_adicionais, horario_inicio, horario_fim,  token_reserva, confirmado)
    values (24, 5, null, null, '2023-10-23 23:48:11', '2023-10-24 02:48:11', null, true);

insert into reserva_responsavel(id_reserva, responsavel) values (24, 'email13@email.com');

insert into reserva(id_reserva, id_sala, motivo_reserva, recursos_adicionais, horario_inicio, horario_fim,  token_reserva, confirmado)
    values (25, 5, null, null, '2023-10-24 00:48:11', '2023-10-24 03:48:11', null, true);

insert into reserva_responsavel(id_reserva, responsavel) values (25, 'email14@email.com');

insert into reserva(id_reserva, id_sala, motivo_reserva, recursos_adicionais, horario_inicio, horario_fim,  token_reserva, confirmado)
    values (26, 6, null, null, '2023-10-23 20:48:11', '2023-10-23 23:48:11', null, true);

insert into reserva_responsavel(id_reserva, responsavel) values (26, 'email16@email.com');

insert into reserva(id_reserva, id_sala, motivo_reserva, recursos_adicionais, horario_inicio, horario_fim,  token_reserva, confirmado)
    values (27, 6, null, null, '2023-10-23 21:48:11', '2023-10-24 00:48:11', null, true);

insert into reserva_responsavel(id_reserva, responsavel) values (27, 'email17@email.com');

insert into reserva(id_reserva, id_sala, motivo_reserva, recursos_adicionais, horario_inicio, horario_fim,  token_reserva, confirmado)
    values (28, 6, null, null, '2023-10-23 22:48:11', '2023-10-24 01:48:11', null, true);

insert into reserva_responsavel(id_reserva, responsavel) values (28, 'email18@email.com');

insert into reserva(id_reserva, id_sala, motivo_reserva, recursos_adicionais, horario_inicio, horario_fim,  token_reserva, confirmado)
    values (29, 6, null, null, '2023-10-23 23:48:11', '2023-10-24 02:48:11', null, true);

insert into reserva_responsavel(id_reserva, responsavel) values (29, 'email18@email.com');

insert into reserva(id_reserva, id_sala, motivo_reserva, recursos_adicionais, horario_inicio, horario_fim,  token_reserva, confirmado)
    values (30, 6, null, null, '2023-10-24 00:48:11', '2023-10-24 03:48:11', null, true);

insert into reserva_responsavel(id_reserva, responsavel) values (30, 'email20@email.com');

insert into reserva(id_reserva, id_sala, motivo_reserva, recursos_adicionais, horario_inicio, horario_fim,  token_reserva, confirmado)
    values (31, 7, null, null, '2023-10-23 20:48:11', '2023-10-23 23:48:11', null, true);

insert into reserva_responsavel(id_reserva, responsavel) values (31, 'email11@email.com');

insert into reserva(id_reserva, id_sala, motivo_reserva, recursos_adicionais, horario_inicio, horario_fim,  token_reserva, confirmado)
    values (32, 7, null, null, '2023-10-23 21:48:11', '2023-10-24 00:48:11', null, true);

insert into reserva_responsavel(id_reserva, responsavel) values (32, 'email12@email.com');

insert into reserva(id_reserva, id_sala, motivo_reserva, recursos_adicionais, horario_inicio, horario_fim,  token_reserva, confirmado)
    values (33, 7, null, null, '2023-10-23 22:48:11', '2023-10-24 01:48:11', null, true);

insert into reserva_responsavel(id_reserva, responsavel) values (33, 'email13@email.com');

insert into reserva(id_reserva, id_sala, motivo_reserva, recursos_adicionais, horario_inicio, horario_fim,  token_reserva, confirmado)
    values (34, 7, null, null, '2023-10-23 23:48:11', '2023-10-24 02:48:11', null, true);

insert into reserva_responsavel(id_reserva, responsavel) values (34, 'email13@email.com');

insert into reserva(id_reserva, id_sala, motivo_reserva, recursos_adicionais, horario_inicio, horario_fim,  token_reserva, confirmado)
    values (35, 7, null, null, '2023-10-24 00:48:11', '2023-10-24 03:48:11', null, true);

insert into reserva_responsavel(id_reserva, responsavel) values (35, 'email14@email.com');

insert into reserva(id_reserva, id_sala, motivo_reserva, recursos_adicionais, horario_inicio, horario_fim,  token_reserva, confirmado)
    values (36, 8, null, null, '2023-10-23 20:48:11', '2023-10-23 23:48:11', null, true);

insert into reserva_responsavel(id_reserva, responsavel) values (36, 'email16@email.com');

insert into reserva(id_reserva, id_sala, motivo_reserva, recursos_adicionais, horario_inicio, horario_fim,  token_reserva, confirmado)
    values (37, 8, null, null, '2023-10-23 21:48:11', '2023-10-24 00:48:11', null, true);

insert into reserva_responsavel(id_reserva, responsavel) values (37, 'email17@email.com');

insert into reserva(id_reserva, id_sala, motivo_reserva, recursos_adicionais, horario_inicio, horario_fim,  token_reserva, confirmado)
    values (38, 8, null, null, '2023-10-23 22:48:11', '2023-10-24 01:48:11', null, true);

insert into reserva_responsavel(id_reserva, responsavel) values (38, 'email18@email.com');

insert into reserva(id_reserva, id_sala, motivo_reserva, recursos_adicionais, horario_inicio, horario_fim,  token_reserva, confirmado)
    values (39, 8, null, null, '2023-10-23 23:48:11', '2023-10-24 02:48:11', null, true);

insert into reserva_responsavel(id_reserva, responsavel) values (39, 'email18@email.com');

insert into reserva(id_reserva, id_sala, motivo_reserva, recursos_adicionais, horario_inicio, horario_fim,  token_reserva, confirmado)
    values (40, 8, null, null, '2023-10-24 00:48:11', '2023-10-24 03:48:11', null, true);

insert into reserva_responsavel(id_reserva, responsavel) values (40, 'email20@email.com');

insert into reserva(id_reserva, id_sala, motivo_reserva, recursos_adicionais, horario_inicio, horario_fim,  token_reserva, confirmado)
    values (41, 9, null, null, '2023-10-23 20:48:11', '2023-10-23 23:48:11', null, true);

insert into reserva_responsavel(id_reserva, responsavel) values (41, 'email11@email.com');

insert into reserva(id_reserva, id_sala, motivo_reserva, recursos_adicionais, horario_inicio, horario_fim,  token_reserva, confirmado)
    values (42, 9, null, null, '2023-10-23 21:48:11', '2023-10-24 00:48:11', null, true);

insert into reserva_responsavel(id_reserva, responsavel) values (42, 'email11@email.com');

insert into reserva(id_reserva, id_sala, motivo_reserva, recursos_adicionais, horario_inicio, horario_fim,  token_reserva, confirmado)
    values (43, 9, null, null, '2023-10-23 22:48:11', '2023-10-24 01:48:11', null, true);

insert into reserva_responsavel(id_reserva, responsavel) values (43, 'email13@email.com');

insert into reserva(id_reserva, id_sala, motivo_reserva, recursos_adicionais, horario_inicio, horario_fim,  token_reserva, confirmado)
    values (44, 9, null, null, '2023-10-23 23:48:11', '2023-10-24 02:48:11', null, true);

insert into reserva_responsavel(id_reserva, responsavel) values (44, 'email13@email.com');

insert into reserva(id_reserva, id_sala, motivo_reserva, recursos_adicionais, horario_inicio, horario_fim,  token_reserva, confirmado)
    values (45, 9, null, null, '2023-10-24 00:48:11', '2023-10-24 03:48:11', null, true);

insert into reserva_responsavel(id_reserva, responsavel) values (45, 'email15@email.com');

insert into reserva(id_reserva, id_sala, motivo_reserva, recursos_adicionais, horario_inicio, horario_fim,  token_reserva, confirmado)
    values (46, 10, null, null, '2023-10-23 20:48:11', '2023-10-23 23:48:11', null, true);

insert into reserva_responsavel(id_reserva, responsavel) values (46, 'email16@email.com');

insert into reserva(id_reserva, id_sala, motivo_reserva, recursos_adicionais, horario_inicio, horario_fim,  token_reserva, confirmado)
    values (47, 10, null, null, '2023-10-23 21:48:11', '2023-10-24 00:48:11', null, true);

insert into reserva_responsavel(id_reserva, responsavel) values (47, 'email16@email.com');

insert into reserva(id_reserva, id_sala, motivo_reserva, recursos_adicionais, horario_inicio, horario_fim,  token_reserva, confirmado)
    values (48, 10, null, null, '2023-10-23 22:48:11', '2023-10-24 01:48:11', null, true);

insert into reserva_responsavel(id_reserva, responsavel) values (48, 'email18@email.com');

insert into reserva(id_reserva, id_sala, motivo_reserva, recursos_adicionais, horario_inicio, horario_fim,  token_reserva, confirmado)
    values (49, 10, null, null, '2023-10-23 23:48:11', '2023-10-24 02:48:11', null, true);

insert into reserva_responsavel(id_reserva, responsavel) values (49, 'email18@email.com');

insert into reserva(id_reserva, id_sala, motivo_reserva, recursos_adicionais, horario_inicio, horario_fim,  token_reserva, confirmado)
    values (50, 10, null, null, '2023-10-24 00:48:11', '2023-10-24 03:48:11', null, true);

insert into reserva_responsavel(id_reserva, responsavel) values (50, 'email20@email.com');
/*
 insere limpezas das salas */
insert into limpeza_manutencao(cpf_funcionario, id_sala, data_hora) values ('000000021', 1, '2023-10-23 20:48:11');
            
insert into limpeza_manutencao(cpf_funcionario, id_sala, data_hora) values ('000000022', 1, '2023-10-24 20:48:11');
            
insert into limpeza_manutencao(cpf_funcionario, id_sala, data_hora) values ('000000023', 1, '2023-10-25 20:48:11');
            
insert into limpeza_manutencao(cpf_funcionario, id_sala, data_hora) values ('000000024', 1, '2023-10-26 20:48:11');
            
insert into limpeza_manutencao(cpf_funcionario, id_sala, data_hora) values ('000000025', 1, '2023-10-27 20:48:11');
            
insert into limpeza_manutencao(cpf_funcionario, id_sala, data_hora) values ('000000026', 1, '2023-10-28 20:48:11');
            
insert into limpeza_manutencao(cpf_funcionario, id_sala, data_hora) values ('000000027', 1, '2023-10-29 20:48:11');
            
insert into limpeza_manutencao(cpf_funcionario, id_sala, data_hora) values ('000000028', 1, '2023-10-30 20:48:11');
            
insert into limpeza_manutencao(cpf_funcionario, id_sala, data_hora) values ('000000029', 1, '2023-10-31 20:48:11');
            
insert into limpeza_manutencao(cpf_funcionario, id_sala, data_hora) values ('000000030', 1, '2023-11-01 20:48:11');
            
insert into limpeza_manutencao(cpf_funcionario, id_sala, data_hora) values ('000000021', 1, '2023-11-02 20:48:11');
            
insert into limpeza_manutencao(cpf_funcionario, id_sala, data_hora) values ('000000022', 1, '2023-11-03 20:48:11');
            
insert into limpeza_manutencao(cpf_funcionario, id_sala, data_hora) values ('000000022', 1, '2023-11-04 20:48:11');
            
insert into limpeza_manutencao(cpf_funcionario, id_sala, data_hora) values ('000000024', 1, '2023-11-05 20:48:11');
            
insert into limpeza_manutencao(cpf_funcionario, id_sala, data_hora) values ('000000024', 1, '2023-11-06 20:48:11');
            
insert into limpeza_manutencao(cpf_funcionario, id_sala, data_hora) values ('000000026', 1, '2023-11-07 20:48:11');
            
insert into limpeza_manutencao(cpf_funcionario, id_sala, data_hora) values ('000000027', 1, '2023-11-08 20:48:11');
            
insert into limpeza_manutencao(cpf_funcionario, id_sala, data_hora) values ('000000028', 1, '2023-11-09 20:48:11');
            
insert into limpeza_manutencao(cpf_funcionario, id_sala, data_hora) values ('000000029', 1, '2023-11-10 20:48:11');
            
insert into limpeza_manutencao(cpf_funcionario, id_sala, data_hora) values ('000000030', 1, '2023-11-11 20:48:11');
            
insert into limpeza_manutencao(cpf_funcionario, id_sala, data_hora) values ('000000021', 1, '2023-11-12 20:48:11');
            
insert into limpeza_manutencao(cpf_funcionario, id_sala, data_hora) values ('000000022', 1, '2023-11-13 20:48:11');
            
insert into limpeza_manutencao(cpf_funcionario, id_sala, data_hora) values ('000000023', 1, '2023-11-14 20:48:11');
            
insert into limpeza_manutencao(cpf_funcionario, id_sala, data_hora) values ('000000023', 1, '2023-11-15 20:48:11');
            
insert into limpeza_manutencao(cpf_funcionario, id_sala, data_hora) values ('000000024', 1, '2023-11-16 20:48:11');
            
insert into limpeza_manutencao(cpf_funcionario, id_sala, data_hora) values ('000000026', 1, '2023-11-17 20:48:11');
            
insert into limpeza_manutencao(cpf_funcionario, id_sala, data_hora) values ('000000027', 1, '2023-11-18 20:48:11');
            
insert into limpeza_manutencao(cpf_funcionario, id_sala, data_hora) values ('000000028', 1, '2023-11-19 20:48:11');
            
insert into limpeza_manutencao(cpf_funcionario, id_sala, data_hora) values ('000000028', 1, '2023-11-20 20:48:11');
            
insert into limpeza_manutencao(cpf_funcionario, id_sala, data_hora) values ('000000030', 1, '2023-11-21 20:48:11');
            
insert into limpeza_manutencao(cpf_funcionario, id_sala, data_hora) values ('000000021', 2, '2023-10-23 21:48:11');
            
insert into limpeza_manutencao(cpf_funcionario, id_sala, data_hora) values ('000000022', 2, '2023-10-24 21:48:11');
            
insert into limpeza_manutencao(cpf_funcionario, id_sala, data_hora) values ('000000023', 2, '2023-10-25 21:48:11');
            
insert into limpeza_manutencao(cpf_funcionario, id_sala, data_hora) values ('000000024', 2, '2023-10-26 21:48:11');
            
insert into limpeza_manutencao(cpf_funcionario, id_sala, data_hora) values ('000000025', 2, '2023-10-27 21:48:11');
            
insert into limpeza_manutencao(cpf_funcionario, id_sala, data_hora) values ('000000026', 2, '2023-10-28 21:48:11');
            
insert into limpeza_manutencao(cpf_funcionario, id_sala, data_hora) values ('000000027', 2, '2023-10-29 21:48:11');
            
insert into limpeza_manutencao(cpf_funcionario, id_sala, data_hora) values ('000000028', 2, '2023-10-30 21:48:11');
            
insert into limpeza_manutencao(cpf_funcionario, id_sala, data_hora) values ('000000029', 2, '2023-10-31 21:48:11');
            
insert into limpeza_manutencao(cpf_funcionario, id_sala, data_hora) values ('000000030', 2, '2023-11-01 21:48:11');
            
insert into limpeza_manutencao(cpf_funcionario, id_sala, data_hora) values ('000000021', 2, '2023-11-02 21:48:11');
            
insert into limpeza_manutencao(cpf_funcionario, id_sala, data_hora) values ('000000022', 2, '2023-11-03 21:48:11');
            
insert into limpeza_manutencao(cpf_funcionario, id_sala, data_hora) values ('000000022', 2, '2023-11-04 21:48:11');
            
insert into limpeza_manutencao(cpf_funcionario, id_sala, data_hora) values ('000000024', 2, '2023-11-05 21:48:11');
            
insert into limpeza_manutencao(cpf_funcionario, id_sala, data_hora) values ('000000024', 2, '2023-11-06 21:48:11');
            
insert into limpeza_manutencao(cpf_funcionario, id_sala, data_hora) values ('000000026', 2, '2023-11-07 21:48:11');
            
insert into limpeza_manutencao(cpf_funcionario, id_sala, data_hora) values ('000000027', 2, '2023-11-08 21:48:11');
            
insert into limpeza_manutencao(cpf_funcionario, id_sala, data_hora) values ('000000028', 2, '2023-11-09 21:48:11');
            
insert into limpeza_manutencao(cpf_funcionario, id_sala, data_hora) values ('000000029', 2, '2023-11-10 21:48:11');
            
insert into limpeza_manutencao(cpf_funcionario, id_sala, data_hora) values ('000000030', 2, '2023-11-11 21:48:11');
            
insert into limpeza_manutencao(cpf_funcionario, id_sala, data_hora) values ('000000021', 2, '2023-11-12 21:48:11');
            
insert into limpeza_manutencao(cpf_funcionario, id_sala, data_hora) values ('000000022', 2, '2023-11-13 21:48:11');
            
insert into limpeza_manutencao(cpf_funcionario, id_sala, data_hora) values ('000000023', 2, '2023-11-14 21:48:11');
            
insert into limpeza_manutencao(cpf_funcionario, id_sala, data_hora) values ('000000023', 2, '2023-11-15 21:48:11');
            
insert into limpeza_manutencao(cpf_funcionario, id_sala, data_hora) values ('000000024', 2, '2023-11-16 21:48:11');
            
insert into limpeza_manutencao(cpf_funcionario, id_sala, data_hora) values ('000000026', 2, '2023-11-17 21:48:11');
            
insert into limpeza_manutencao(cpf_funcionario, id_sala, data_hora) values ('000000027', 2, '2023-11-18 21:48:11');
            
insert into limpeza_manutencao(cpf_funcionario, id_sala, data_hora) values ('000000028', 2, '2023-11-19 21:48:11');
            
insert into limpeza_manutencao(cpf_funcionario, id_sala, data_hora) values ('000000028', 2, '2023-11-20 21:48:11');
            
insert into limpeza_manutencao(cpf_funcionario, id_sala, data_hora) values ('000000030', 2, '2023-11-21 21:48:11');
            
insert into limpeza_manutencao(cpf_funcionario, id_sala, data_hora) values ('000000021', 3, '2023-10-23 22:48:11');
            
insert into limpeza_manutencao(cpf_funcionario, id_sala, data_hora) values ('000000022', 3, '2023-10-24 22:48:11');
            
insert into limpeza_manutencao(cpf_funcionario, id_sala, data_hora) values ('000000023', 3, '2023-10-25 22:48:11');
            
insert into limpeza_manutencao(cpf_funcionario, id_sala, data_hora) values ('000000024', 3, '2023-10-26 22:48:11');
            
insert into limpeza_manutencao(cpf_funcionario, id_sala, data_hora) values ('000000025', 3, '2023-10-27 22:48:11');
            
insert into limpeza_manutencao(cpf_funcionario, id_sala, data_hora) values ('000000026', 3, '2023-10-28 22:48:11');
            
insert into limpeza_manutencao(cpf_funcionario, id_sala, data_hora) values ('000000027', 3, '2023-10-29 22:48:11');
            
insert into limpeza_manutencao(cpf_funcionario, id_sala, data_hora) values ('000000028', 3, '2023-10-30 22:48:11');
            
insert into limpeza_manutencao(cpf_funcionario, id_sala, data_hora) values ('000000029', 3, '2023-10-31 22:48:11');
            
insert into limpeza_manutencao(cpf_funcionario, id_sala, data_hora) values ('000000030', 3, '2023-11-01 22:48:11');
            
insert into limpeza_manutencao(cpf_funcionario, id_sala, data_hora) values ('000000021', 3, '2023-11-02 22:48:11');
            
insert into limpeza_manutencao(cpf_funcionario, id_sala, data_hora) values ('000000022', 3, '2023-11-03 22:48:11');
            
insert into limpeza_manutencao(cpf_funcionario, id_sala, data_hora) values ('000000022', 3, '2023-11-04 22:48:11');
            
insert into limpeza_manutencao(cpf_funcionario, id_sala, data_hora) values ('000000024', 3, '2023-11-05 22:48:11');
            
insert into limpeza_manutencao(cpf_funcionario, id_sala, data_hora) values ('000000024', 3, '2023-11-06 22:48:11');
            
insert into limpeza_manutencao(cpf_funcionario, id_sala, data_hora) values ('000000026', 3, '2023-11-07 22:48:11');
            
insert into limpeza_manutencao(cpf_funcionario, id_sala, data_hora) values ('000000027', 3, '2023-11-08 22:48:11');
            
insert into limpeza_manutencao(cpf_funcionario, id_sala, data_hora) values ('000000028', 3, '2023-11-09 22:48:11');
            
insert into limpeza_manutencao(cpf_funcionario, id_sala, data_hora) values ('000000029', 3, '2023-11-10 22:48:11');
            
insert into limpeza_manutencao(cpf_funcionario, id_sala, data_hora) values ('000000030', 3, '2023-11-11 22:48:11');
            
insert into limpeza_manutencao(cpf_funcionario, id_sala, data_hora) values ('000000021', 3, '2023-11-12 22:48:11');
            
insert into limpeza_manutencao(cpf_funcionario, id_sala, data_hora) values ('000000022', 3, '2023-11-13 22:48:11');
            
insert into limpeza_manutencao(cpf_funcionario, id_sala, data_hora) values ('000000023', 3, '2023-11-14 22:48:11');
            
insert into limpeza_manutencao(cpf_funcionario, id_sala, data_hora) values ('000000023', 3, '2023-11-15 22:48:11');
            
insert into limpeza_manutencao(cpf_funcionario, id_sala, data_hora) values ('000000024', 3, '2023-11-16 22:48:11');
            
insert into limpeza_manutencao(cpf_funcionario, id_sala, data_hora) values ('000000026', 3, '2023-11-17 22:48:11');
            
insert into limpeza_manutencao(cpf_funcionario, id_sala, data_hora) values ('000000027', 3, '2023-11-18 22:48:11');
            
insert into limpeza_manutencao(cpf_funcionario, id_sala, data_hora) values ('000000028', 3, '2023-11-19 22:48:11');
            
insert into limpeza_manutencao(cpf_funcionario, id_sala, data_hora) values ('000000028', 3, '2023-11-20 22:48:11');
            
insert into limpeza_manutencao(cpf_funcionario, id_sala, data_hora) values ('000000030', 3, '2023-11-21 22:48:11');
            
insert into limpeza_manutencao(cpf_funcionario, id_sala, data_hora) values ('000000021', 4, '2023-10-23 23:48:11');
            
insert into limpeza_manutencao(cpf_funcionario, id_sala, data_hora) values ('000000022', 4, '2023-10-24 23:48:11');
            
insert into limpeza_manutencao(cpf_funcionario, id_sala, data_hora) values ('000000023', 4, '2023-10-25 23:48:11');
            
insert into limpeza_manutencao(cpf_funcionario, id_sala, data_hora) values ('000000024', 4, '2023-10-26 23:48:11');
            
insert into limpeza_manutencao(cpf_funcionario, id_sala, data_hora) values ('000000025', 4, '2023-10-27 23:48:11');
            
insert into limpeza_manutencao(cpf_funcionario, id_sala, data_hora) values ('000000026', 4, '2023-10-28 23:48:11');
            
insert into limpeza_manutencao(cpf_funcionario, id_sala, data_hora) values ('000000027', 4, '2023-10-29 23:48:11');
            
insert into limpeza_manutencao(cpf_funcionario, id_sala, data_hora) values ('000000028', 4, '2023-10-30 23:48:11');
            
insert into limpeza_manutencao(cpf_funcionario, id_sala, data_hora) values ('000000029', 4, '2023-10-31 23:48:11');
            
insert into limpeza_manutencao(cpf_funcionario, id_sala, data_hora) values ('000000030', 4, '2023-11-01 23:48:11');
            
insert into limpeza_manutencao(cpf_funcionario, id_sala, data_hora) values ('000000021', 4, '2023-11-02 23:48:11');
            
insert into limpeza_manutencao(cpf_funcionario, id_sala, data_hora) values ('000000022', 4, '2023-11-03 23:48:11');
            
insert into limpeza_manutencao(cpf_funcionario, id_sala, data_hora) values ('000000022', 4, '2023-11-04 23:48:11');
            
insert into limpeza_manutencao(cpf_funcionario, id_sala, data_hora) values ('000000024', 4, '2023-11-05 23:48:11');
            
insert into limpeza_manutencao(cpf_funcionario, id_sala, data_hora) values ('000000024', 4, '2023-11-06 23:48:11');
            
insert into limpeza_manutencao(cpf_funcionario, id_sala, data_hora) values ('000000026', 4, '2023-11-07 23:48:11');
            
insert into limpeza_manutencao(cpf_funcionario, id_sala, data_hora) values ('000000027', 4, '2023-11-08 23:48:11');
            
insert into limpeza_manutencao(cpf_funcionario, id_sala, data_hora) values ('000000028', 4, '2023-11-09 23:48:11');
            
insert into limpeza_manutencao(cpf_funcionario, id_sala, data_hora) values ('000000029', 4, '2023-11-10 23:48:11');
            
insert into limpeza_manutencao(cpf_funcionario, id_sala, data_hora) values ('000000030', 4, '2023-11-11 23:48:11');
            
insert into limpeza_manutencao(cpf_funcionario, id_sala, data_hora) values ('000000021', 4, '2023-11-12 23:48:11');
            
insert into limpeza_manutencao(cpf_funcionario, id_sala, data_hora) values ('000000022', 4, '2023-11-13 23:48:11');
            
insert into limpeza_manutencao(cpf_funcionario, id_sala, data_hora) values ('000000023', 4, '2023-11-14 23:48:11');
            
insert into limpeza_manutencao(cpf_funcionario, id_sala, data_hora) values ('000000023', 4, '2023-11-15 23:48:11');
            
insert into limpeza_manutencao(cpf_funcionario, id_sala, data_hora) values ('000000024', 4, '2023-11-16 23:48:11');
            
insert into limpeza_manutencao(cpf_funcionario, id_sala, data_hora) values ('000000026', 4, '2023-11-17 23:48:11');
            
insert into limpeza_manutencao(cpf_funcionario, id_sala, data_hora) values ('000000027', 4, '2023-11-18 23:48:11');
            
insert into limpeza_manutencao(cpf_funcionario, id_sala, data_hora) values ('000000028', 4, '2023-11-19 23:48:11');
            
insert into limpeza_manutencao(cpf_funcionario, id_sala, data_hora) values ('000000028', 4, '2023-11-20 23:48:11');
            
insert into limpeza_manutencao(cpf_funcionario, id_sala, data_hora) values ('000000030', 4, '2023-11-21 23:48:11');
            
insert into limpeza_manutencao(cpf_funcionario, id_sala, data_hora) values ('000000021', 5, '2023-10-24 00:48:11');
            
insert into limpeza_manutencao(cpf_funcionario, id_sala, data_hora) values ('000000022', 5, '2023-10-25 00:48:11');
            
insert into limpeza_manutencao(cpf_funcionario, id_sala, data_hora) values ('000000023', 5, '2023-10-26 00:48:11');
            
insert into limpeza_manutencao(cpf_funcionario, id_sala, data_hora) values ('000000024', 5, '2023-10-27 00:48:11');
            
insert into limpeza_manutencao(cpf_funcionario, id_sala, data_hora) values ('000000025', 5, '2023-10-28 00:48:11');
            
insert into limpeza_manutencao(cpf_funcionario, id_sala, data_hora) values ('000000026', 5, '2023-10-29 00:48:11');
            
insert into limpeza_manutencao(cpf_funcionario, id_sala, data_hora) values ('000000027', 5, '2023-10-30 00:48:11');
            
insert into limpeza_manutencao(cpf_funcionario, id_sala, data_hora) values ('000000028', 5, '2023-10-31 00:48:11');
            
insert into limpeza_manutencao(cpf_funcionario, id_sala, data_hora) values ('000000029', 5, '2023-11-01 00:48:11');
            
insert into limpeza_manutencao(cpf_funcionario, id_sala, data_hora) values ('000000030', 5, '2023-11-02 00:48:11');
            
insert into limpeza_manutencao(cpf_funcionario, id_sala, data_hora) values ('000000021', 5, '2023-11-03 00:48:11');
            
insert into limpeza_manutencao(cpf_funcionario, id_sala, data_hora) values ('000000022', 5, '2023-11-04 00:48:11');
            
insert into limpeza_manutencao(cpf_funcionario, id_sala, data_hora) values ('000000022', 5, '2023-11-05 00:48:11');
            
insert into limpeza_manutencao(cpf_funcionario, id_sala, data_hora) values ('000000024', 5, '2023-11-06 00:48:11');
            
insert into limpeza_manutencao(cpf_funcionario, id_sala, data_hora) values ('000000024', 5, '2023-11-07 00:48:11');
            
insert into limpeza_manutencao(cpf_funcionario, id_sala, data_hora) values ('000000026', 5, '2023-11-08 00:48:11');
            
insert into limpeza_manutencao(cpf_funcionario, id_sala, data_hora) values ('000000027', 5, '2023-11-09 00:48:11');
            
insert into limpeza_manutencao(cpf_funcionario, id_sala, data_hora) values ('000000028', 5, '2023-11-10 00:48:11');
            
insert into limpeza_manutencao(cpf_funcionario, id_sala, data_hora) values ('000000029', 5, '2023-11-11 00:48:11');
            
insert into limpeza_manutencao(cpf_funcionario, id_sala, data_hora) values ('000000030', 5, '2023-11-12 00:48:11');
            
insert into limpeza_manutencao(cpf_funcionario, id_sala, data_hora) values ('000000021', 5, '2023-11-13 00:48:11');
            
insert into limpeza_manutencao(cpf_funcionario, id_sala, data_hora) values ('000000022', 5, '2023-11-14 00:48:11');
            
insert into limpeza_manutencao(cpf_funcionario, id_sala, data_hora) values ('000000023', 5, '2023-11-15 00:48:11');
            
insert into limpeza_manutencao(cpf_funcionario, id_sala, data_hora) values ('000000023', 5, '2023-11-16 00:48:11');
            
insert into limpeza_manutencao(cpf_funcionario, id_sala, data_hora) values ('000000024', 5, '2023-11-17 00:48:11');
            
insert into limpeza_manutencao(cpf_funcionario, id_sala, data_hora) values ('000000026', 5, '2023-11-18 00:48:11');
            
insert into limpeza_manutencao(cpf_funcionario, id_sala, data_hora) values ('000000027', 5, '2023-11-19 00:48:11');
            
insert into limpeza_manutencao(cpf_funcionario, id_sala, data_hora) values ('000000028', 5, '2023-11-20 00:48:11');
            
insert into limpeza_manutencao(cpf_funcionario, id_sala, data_hora) values ('000000028', 5, '2023-11-21 00:48:11');
            
insert into limpeza_manutencao(cpf_funcionario, id_sala, data_hora) values ('000000030', 5, '2023-11-22 00:48:11');
            
insert into limpeza_manutencao(cpf_funcionario, id_sala, data_hora) values ('000000021', 6, '2023-10-24 01:48:11');
            
insert into limpeza_manutencao(cpf_funcionario, id_sala, data_hora) values ('000000022', 6, '2023-10-25 01:48:11');
            
insert into limpeza_manutencao(cpf_funcionario, id_sala, data_hora) values ('000000023', 6, '2023-10-26 01:48:11');
            
insert into limpeza_manutencao(cpf_funcionario, id_sala, data_hora) values ('000000024', 6, '2023-10-27 01:48:11');
            
insert into limpeza_manutencao(cpf_funcionario, id_sala, data_hora) values ('000000025', 6, '2023-10-28 01:48:11');
            
insert into limpeza_manutencao(cpf_funcionario, id_sala, data_hora) values ('000000026', 6, '2023-10-29 01:48:11');
            
insert into limpeza_manutencao(cpf_funcionario, id_sala, data_hora) values ('000000027', 6, '2023-10-30 01:48:11');
            
insert into limpeza_manutencao(cpf_funcionario, id_sala, data_hora) values ('000000028', 6, '2023-10-31 01:48:11');
            
insert into limpeza_manutencao(cpf_funcionario, id_sala, data_hora) values ('000000029', 6, '2023-11-01 01:48:11');
            
insert into limpeza_manutencao(cpf_funcionario, id_sala, data_hora) values ('000000030', 6, '2023-11-02 01:48:11');
            
insert into limpeza_manutencao(cpf_funcionario, id_sala, data_hora) values ('000000021', 6, '2023-11-03 01:48:11');
            
insert into limpeza_manutencao(cpf_funcionario, id_sala, data_hora) values ('000000022', 6, '2023-11-04 01:48:11');
            
insert into limpeza_manutencao(cpf_funcionario, id_sala, data_hora) values ('000000022', 6, '2023-11-05 01:48:11');
            
insert into limpeza_manutencao(cpf_funcionario, id_sala, data_hora) values ('000000024', 6, '2023-11-06 01:48:11');
            
insert into limpeza_manutencao(cpf_funcionario, id_sala, data_hora) values ('000000024', 6, '2023-11-07 01:48:11');
            
insert into limpeza_manutencao(cpf_funcionario, id_sala, data_hora) values ('000000026', 6, '2023-11-08 01:48:11');
            
insert into limpeza_manutencao(cpf_funcionario, id_sala, data_hora) values ('000000027', 6, '2023-11-09 01:48:11');
            
insert into limpeza_manutencao(cpf_funcionario, id_sala, data_hora) values ('000000028', 6, '2023-11-10 01:48:11');
            
insert into limpeza_manutencao(cpf_funcionario, id_sala, data_hora) values ('000000029', 6, '2023-11-11 01:48:11');
            
insert into limpeza_manutencao(cpf_funcionario, id_sala, data_hora) values ('000000030', 6, '2023-11-12 01:48:11');
            
insert into limpeza_manutencao(cpf_funcionario, id_sala, data_hora) values ('000000021', 6, '2023-11-13 01:48:11');
            
insert into limpeza_manutencao(cpf_funcionario, id_sala, data_hora) values ('000000022', 6, '2023-11-14 01:48:11');
            
insert into limpeza_manutencao(cpf_funcionario, id_sala, data_hora) values ('000000023', 6, '2023-11-15 01:48:11');
            
insert into limpeza_manutencao(cpf_funcionario, id_sala, data_hora) values ('000000023', 6, '2023-11-16 01:48:11');
            
insert into limpeza_manutencao(cpf_funcionario, id_sala, data_hora) values ('000000024', 6, '2023-11-17 01:48:11');
            
insert into limpeza_manutencao(cpf_funcionario, id_sala, data_hora) values ('000000026', 6, '2023-11-18 01:48:11');
            
insert into limpeza_manutencao(cpf_funcionario, id_sala, data_hora) values ('000000027', 6, '2023-11-19 01:48:11');
            
insert into limpeza_manutencao(cpf_funcionario, id_sala, data_hora) values ('000000028', 6, '2023-11-20 01:48:11');
            
insert into limpeza_manutencao(cpf_funcionario, id_sala, data_hora) values ('000000028', 6, '2023-11-21 01:48:11');
            
insert into limpeza_manutencao(cpf_funcionario, id_sala, data_hora) values ('000000030', 6, '2023-11-22 01:48:11');
            
insert into limpeza_manutencao(cpf_funcionario, id_sala, data_hora) values ('000000021', 7, '2023-10-24 02:48:11');
            
insert into limpeza_manutencao(cpf_funcionario, id_sala, data_hora) values ('000000022', 7, '2023-10-25 02:48:11');
            
insert into limpeza_manutencao(cpf_funcionario, id_sala, data_hora) values ('000000023', 7, '2023-10-26 02:48:11');
            
insert into limpeza_manutencao(cpf_funcionario, id_sala, data_hora) values ('000000024', 7, '2023-10-27 02:48:11');
            
insert into limpeza_manutencao(cpf_funcionario, id_sala, data_hora) values ('000000025', 7, '2023-10-28 02:48:11');
            
insert into limpeza_manutencao(cpf_funcionario, id_sala, data_hora) values ('000000026', 7, '2023-10-29 02:48:11');
            
insert into limpeza_manutencao(cpf_funcionario, id_sala, data_hora) values ('000000027', 7, '2023-10-30 02:48:11');
            
insert into limpeza_manutencao(cpf_funcionario, id_sala, data_hora) values ('000000028', 7, '2023-10-31 02:48:11');
            
insert into limpeza_manutencao(cpf_funcionario, id_sala, data_hora) values ('000000029', 7, '2023-11-01 02:48:11');
            
insert into limpeza_manutencao(cpf_funcionario, id_sala, data_hora) values ('000000030', 7, '2023-11-02 02:48:11');
            
insert into limpeza_manutencao(cpf_funcionario, id_sala, data_hora) values ('000000021', 7, '2023-11-03 02:48:11');
            
insert into limpeza_manutencao(cpf_funcionario, id_sala, data_hora) values ('000000022', 7, '2023-11-04 02:48:11');
            
insert into limpeza_manutencao(cpf_funcionario, id_sala, data_hora) values ('000000022', 7, '2023-11-05 02:48:11');
            
insert into limpeza_manutencao(cpf_funcionario, id_sala, data_hora) values ('000000024', 7, '2023-11-06 02:48:11');
            
insert into limpeza_manutencao(cpf_funcionario, id_sala, data_hora) values ('000000024', 7, '2023-11-07 02:48:11');
            
insert into limpeza_manutencao(cpf_funcionario, id_sala, data_hora) values ('000000026', 7, '2023-11-08 02:48:11');
            
insert into limpeza_manutencao(cpf_funcionario, id_sala, data_hora) values ('000000027', 7, '2023-11-09 02:48:11');
            
insert into limpeza_manutencao(cpf_funcionario, id_sala, data_hora) values ('000000028', 7, '2023-11-10 02:48:11');
            
insert into limpeza_manutencao(cpf_funcionario, id_sala, data_hora) values ('000000029', 7, '2023-11-11 02:48:11');
            
insert into limpeza_manutencao(cpf_funcionario, id_sala, data_hora) values ('000000030', 7, '2023-11-12 02:48:11');
            
insert into limpeza_manutencao(cpf_funcionario, id_sala, data_hora) values ('000000021', 7, '2023-11-13 02:48:11');
            
insert into limpeza_manutencao(cpf_funcionario, id_sala, data_hora) values ('000000022', 7, '2023-11-14 02:48:11');
            
insert into limpeza_manutencao(cpf_funcionario, id_sala, data_hora) values ('000000023', 7, '2023-11-15 02:48:11');
            
insert into limpeza_manutencao(cpf_funcionario, id_sala, data_hora) values ('000000023', 7, '2023-11-16 02:48:11');
            
insert into limpeza_manutencao(cpf_funcionario, id_sala, data_hora) values ('000000024', 7, '2023-11-17 02:48:11');
            
insert into limpeza_manutencao(cpf_funcionario, id_sala, data_hora) values ('000000026', 7, '2023-11-18 02:48:11');
            
insert into limpeza_manutencao(cpf_funcionario, id_sala, data_hora) values ('000000027', 7, '2023-11-19 02:48:11');
            
insert into limpeza_manutencao(cpf_funcionario, id_sala, data_hora) values ('000000028', 7, '2023-11-20 02:48:11');
            
insert into limpeza_manutencao(cpf_funcionario, id_sala, data_hora) values ('000000028', 7, '2023-11-21 02:48:11');
            
insert into limpeza_manutencao(cpf_funcionario, id_sala, data_hora) values ('000000030', 7, '2023-11-22 02:48:11');
            
insert into limpeza_manutencao(cpf_funcionario, id_sala, data_hora) values ('000000021', 8, '2023-10-24 03:48:11');
            
insert into limpeza_manutencao(cpf_funcionario, id_sala, data_hora) values ('000000022', 8, '2023-10-25 03:48:11');
            
insert into limpeza_manutencao(cpf_funcionario, id_sala, data_hora) values ('000000023', 8, '2023-10-26 03:48:11');
            
insert into limpeza_manutencao(cpf_funcionario, id_sala, data_hora) values ('000000024', 8, '2023-10-27 03:48:11');
            
insert into limpeza_manutencao(cpf_funcionario, id_sala, data_hora) values ('000000025', 8, '2023-10-28 03:48:11');
            
insert into limpeza_manutencao(cpf_funcionario, id_sala, data_hora) values ('000000026', 8, '2023-10-29 03:48:11');
            
insert into limpeza_manutencao(cpf_funcionario, id_sala, data_hora) values ('000000027', 8, '2023-10-30 03:48:11');
            
insert into limpeza_manutencao(cpf_funcionario, id_sala, data_hora) values ('000000028', 8, '2023-10-31 03:48:11');
            
insert into limpeza_manutencao(cpf_funcionario, id_sala, data_hora) values ('000000029', 8, '2023-11-01 03:48:11');
            
insert into limpeza_manutencao(cpf_funcionario, id_sala, data_hora) values ('000000030', 8, '2023-11-02 03:48:11');
            
insert into limpeza_manutencao(cpf_funcionario, id_sala, data_hora) values ('000000021', 8, '2023-11-03 03:48:11');
            
insert into limpeza_manutencao(cpf_funcionario, id_sala, data_hora) values ('000000022', 8, '2023-11-04 03:48:11');
            
insert into limpeza_manutencao(cpf_funcionario, id_sala, data_hora) values ('000000022', 8, '2023-11-05 03:48:11');
            
insert into limpeza_manutencao(cpf_funcionario, id_sala, data_hora) values ('000000024', 8, '2023-11-06 03:48:11');
            
insert into limpeza_manutencao(cpf_funcionario, id_sala, data_hora) values ('000000024', 8, '2023-11-07 03:48:11');
            
insert into limpeza_manutencao(cpf_funcionario, id_sala, data_hora) values ('000000026', 8, '2023-11-08 03:48:11');
            
insert into limpeza_manutencao(cpf_funcionario, id_sala, data_hora) values ('000000027', 8, '2023-11-09 03:48:11');
            
insert into limpeza_manutencao(cpf_funcionario, id_sala, data_hora) values ('000000028', 8, '2023-11-10 03:48:11');
            
insert into limpeza_manutencao(cpf_funcionario, id_sala, data_hora) values ('000000029', 8, '2023-11-11 03:48:11');
            
insert into limpeza_manutencao(cpf_funcionario, id_sala, data_hora) values ('000000030', 8, '2023-11-12 03:48:11');
            
insert into limpeza_manutencao(cpf_funcionario, id_sala, data_hora) values ('000000021', 8, '2023-11-13 03:48:11');
            
insert into limpeza_manutencao(cpf_funcionario, id_sala, data_hora) values ('000000022', 8, '2023-11-14 03:48:11');
            
insert into limpeza_manutencao(cpf_funcionario, id_sala, data_hora) values ('000000023', 8, '2023-11-15 03:48:11');
            
insert into limpeza_manutencao(cpf_funcionario, id_sala, data_hora) values ('000000023', 8, '2023-11-16 03:48:11');
            
insert into limpeza_manutencao(cpf_funcionario, id_sala, data_hora) values ('000000024', 8, '2023-11-17 03:48:11');
            
insert into limpeza_manutencao(cpf_funcionario, id_sala, data_hora) values ('000000026', 8, '2023-11-18 03:48:11');
            
insert into limpeza_manutencao(cpf_funcionario, id_sala, data_hora) values ('000000027', 8, '2023-11-19 03:48:11');
            
insert into limpeza_manutencao(cpf_funcionario, id_sala, data_hora) values ('000000028', 8, '2023-11-20 03:48:11');
            
insert into limpeza_manutencao(cpf_funcionario, id_sala, data_hora) values ('000000028', 8, '2023-11-21 03:48:11');
            
insert into limpeza_manutencao(cpf_funcionario, id_sala, data_hora) values ('000000030', 8, '2023-11-22 03:48:11');
            
insert into limpeza_manutencao(cpf_funcionario, id_sala, data_hora) values ('000000021', 9, '2023-10-24 04:48:11');
            
insert into limpeza_manutencao(cpf_funcionario, id_sala, data_hora) values ('000000022', 9, '2023-10-25 04:48:11');
            
insert into limpeza_manutencao(cpf_funcionario, id_sala, data_hora) values ('000000023', 9, '2023-10-26 04:48:11');
            
insert into limpeza_manutencao(cpf_funcionario, id_sala, data_hora) values ('000000024', 9, '2023-10-27 04:48:11');
            
insert into limpeza_manutencao(cpf_funcionario, id_sala, data_hora) values ('000000025', 9, '2023-10-28 04:48:11');
            
insert into limpeza_manutencao(cpf_funcionario, id_sala, data_hora) values ('000000026', 9, '2023-10-29 04:48:11');
            
insert into limpeza_manutencao(cpf_funcionario, id_sala, data_hora) values ('000000027', 9, '2023-10-30 04:48:11');
            
insert into limpeza_manutencao(cpf_funcionario, id_sala, data_hora) values ('000000028', 9, '2023-10-31 04:48:11');
            
insert into limpeza_manutencao(cpf_funcionario, id_sala, data_hora) values ('000000029', 9, '2023-11-01 04:48:11');
            
insert into limpeza_manutencao(cpf_funcionario, id_sala, data_hora) values ('000000030', 9, '2023-11-02 04:48:11');
            
insert into limpeza_manutencao(cpf_funcionario, id_sala, data_hora) values ('000000021', 9, '2023-11-03 04:48:11');
            
insert into limpeza_manutencao(cpf_funcionario, id_sala, data_hora) values ('000000022', 9, '2023-11-04 04:48:11');
            
insert into limpeza_manutencao(cpf_funcionario, id_sala, data_hora) values ('000000022', 9, '2023-11-05 04:48:11');
            
insert into limpeza_manutencao(cpf_funcionario, id_sala, data_hora) values ('000000024', 9, '2023-11-06 04:48:11');
            
insert into limpeza_manutencao(cpf_funcionario, id_sala, data_hora) values ('000000024', 9, '2023-11-07 04:48:11');
            
insert into limpeza_manutencao(cpf_funcionario, id_sala, data_hora) values ('000000026', 9, '2023-11-08 04:48:11');
            
insert into limpeza_manutencao(cpf_funcionario, id_sala, data_hora) values ('000000027', 9, '2023-11-09 04:48:11');
            
insert into limpeza_manutencao(cpf_funcionario, id_sala, data_hora) values ('000000028', 9, '2023-11-10 04:48:11');
            
insert into limpeza_manutencao(cpf_funcionario, id_sala, data_hora) values ('000000029', 9, '2023-11-11 04:48:11');
            
insert into limpeza_manutencao(cpf_funcionario, id_sala, data_hora) values ('000000030', 9, '2023-11-12 04:48:11');
            
insert into limpeza_manutencao(cpf_funcionario, id_sala, data_hora) values ('000000021', 9, '2023-11-13 04:48:11');
            
insert into limpeza_manutencao(cpf_funcionario, id_sala, data_hora) values ('000000022', 9, '2023-11-14 04:48:11');
            
insert into limpeza_manutencao(cpf_funcionario, id_sala, data_hora) values ('000000023', 9, '2023-11-15 04:48:11');
            
insert into limpeza_manutencao(cpf_funcionario, id_sala, data_hora) values ('000000023', 9, '2023-11-16 04:48:11');
            
insert into limpeza_manutencao(cpf_funcionario, id_sala, data_hora) values ('000000024', 9, '2023-11-17 04:48:11');
            
insert into limpeza_manutencao(cpf_funcionario, id_sala, data_hora) values ('000000026', 9, '2023-11-18 04:48:11');
            
insert into limpeza_manutencao(cpf_funcionario, id_sala, data_hora) values ('000000027', 9, '2023-11-19 04:48:11');
            
insert into limpeza_manutencao(cpf_funcionario, id_sala, data_hora) values ('000000028', 9, '2023-11-20 04:48:11');
            
insert into limpeza_manutencao(cpf_funcionario, id_sala, data_hora) values ('000000028', 9, '2023-11-21 04:48:11');
            
insert into limpeza_manutencao(cpf_funcionario, id_sala, data_hora) values ('000000030', 9, '2023-11-22 04:48:11');
            
insert into limpeza_manutencao(cpf_funcionario, id_sala, data_hora) values ('000000021', 10, '2023-10-24 05:48:11');
            
insert into limpeza_manutencao(cpf_funcionario, id_sala, data_hora) values ('000000022', 10, '2023-10-25 05:48:11');
            
insert into limpeza_manutencao(cpf_funcionario, id_sala, data_hora) values ('000000023', 10, '2023-10-26 05:48:11');
            
insert into limpeza_manutencao(cpf_funcionario, id_sala, data_hora) values ('000000024', 10, '2023-10-27 05:48:11');
            
insert into limpeza_manutencao(cpf_funcionario, id_sala, data_hora) values ('000000025', 10, '2023-10-28 05:48:11');
            
insert into limpeza_manutencao(cpf_funcionario, id_sala, data_hora) values ('000000026', 10, '2023-10-29 05:48:11');
            
insert into limpeza_manutencao(cpf_funcionario, id_sala, data_hora) values ('000000027', 10, '2023-10-30 05:48:11');
            
insert into limpeza_manutencao(cpf_funcionario, id_sala, data_hora) values ('000000028', 10, '2023-10-31 05:48:11');
            
insert into limpeza_manutencao(cpf_funcionario, id_sala, data_hora) values ('000000029', 10, '2023-11-01 05:48:11');
            
insert into limpeza_manutencao(cpf_funcionario, id_sala, data_hora) values ('000000030', 10, '2023-11-02 05:48:11');
            
insert into limpeza_manutencao(cpf_funcionario, id_sala, data_hora) values ('000000021', 10, '2023-11-03 05:48:11');
            
insert into limpeza_manutencao(cpf_funcionario, id_sala, data_hora) values ('000000022', 10, '2023-11-04 05:48:11');
            
insert into limpeza_manutencao(cpf_funcionario, id_sala, data_hora) values ('000000022', 10, '2023-11-05 05:48:11');
            
insert into limpeza_manutencao(cpf_funcionario, id_sala, data_hora) values ('000000024', 10, '2023-11-06 05:48:11');
            
insert into limpeza_manutencao(cpf_funcionario, id_sala, data_hora) values ('000000024', 10, '2023-11-07 05:48:11');
            
insert into limpeza_manutencao(cpf_funcionario, id_sala, data_hora) values ('000000026', 10, '2023-11-08 05:48:11');
            
insert into limpeza_manutencao(cpf_funcionario, id_sala, data_hora) values ('000000027', 10, '2023-11-09 05:48:11');
            
insert into limpeza_manutencao(cpf_funcionario, id_sala, data_hora) values ('000000028', 10, '2023-11-10 05:48:11');
            
insert into limpeza_manutencao(cpf_funcionario, id_sala, data_hora) values ('000000029', 10, '2023-11-11 05:48:11');
            
insert into limpeza_manutencao(cpf_funcionario, id_sala, data_hora) values ('000000030', 10, '2023-11-12 05:48:11');
            
insert into limpeza_manutencao(cpf_funcionario, id_sala, data_hora) values ('000000021', 10, '2023-11-13 05:48:11');
            
insert into limpeza_manutencao(cpf_funcionario, id_sala, data_hora) values ('000000022', 10, '2023-11-14 05:48:11');
            
insert into limpeza_manutencao(cpf_funcionario, id_sala, data_hora) values ('000000023', 10, '2023-11-15 05:48:11');
            
insert into limpeza_manutencao(cpf_funcionario, id_sala, data_hora) values ('000000023', 10, '2023-11-16 05:48:11');
            
insert into limpeza_manutencao(cpf_funcionario, id_sala, data_hora) values ('000000024', 10, '2023-11-17 05:48:11');
            
insert into limpeza_manutencao(cpf_funcionario, id_sala, data_hora) values ('000000026', 10, '2023-11-18 05:48:11');
            
insert into limpeza_manutencao(cpf_funcionario, id_sala, data_hora) values ('000000027', 10, '2023-11-19 05:48:11');
            
insert into limpeza_manutencao(cpf_funcionario, id_sala, data_hora) values ('000000028', 10, '2023-11-20 05:48:11');
            
insert into limpeza_manutencao(cpf_funcionario, id_sala, data_hora) values ('000000028', 10, '2023-11-21 05:48:11');
            
insert into limpeza_manutencao(cpf_funcionario, id_sala, data_hora) values ('000000030', 10, '2023-11-22 05:48:11');
            