use sistema_reserva_salas_db;

insert into usuario(email, nome, senha, contato_telefone, token_recuperacao_senha)
    values('email1@email.com','nome 1', 'jsk232d3333dddsdl', '009909093', null);
        
insert into usuario(email, nome, senha, contato_telefone, token_recuperacao_senha)
    values('email2@email.com','nome 2', 'jsk232d3333dddsdl', '009909093', null);
        
insert into usuario(email, nome, senha, contato_telefone, token_recuperacao_senha)
    values('email3@email.com','nome 3', 'jsk232d3333dddsdl', '009909093', null);
        
insert into usuario(email, nome, senha, contato_telefone, token_recuperacao_senha)
    values('email4@email.com','nome 4', 'jsk232d3333dddsdl', '009909093', null);
        
insert into usuario(email, nome, senha, contato_telefone, token_recuperacao_senha)
    values('email5@email.com','nome 5', 'jsk232d3333dddsdl', '009909093', null);
        
insert into usuario(email, nome, senha, contato_telefone, token_recuperacao_senha)
    values('email6@email.com','nome 6', 'jsk232d3333dddsdl', '009909093', null);
        
insert into usuario(email, nome, senha, contato_telefone, token_recuperacao_senha)
    values('email7@email.com','nome 7', 'jsk232d3333dddsdl', '009909093', null);
        
insert into usuario(email, nome, senha, contato_telefone, token_recuperacao_senha)
    values('email8@email.com','nome 8', 'jsk232d3333dddsdl', '009909093', null);
        
insert into usuario(email, nome, senha, contato_telefone, token_recuperacao_senha)
    values('email9@email.com','nome 9', 'jsk232d3333dddsdl', '009909093', null);
        
insert into usuario(email, nome, senha, contato_telefone, token_recuperacao_senha)
    values('email10@email.com','nome 10', 'jsk232d3333dddsdl', '009909093', null);
        
insert into usuario(email, nome, senha, contato_telefone, token_recuperacao_senha)
    values('email11@email.com','nome 11', 'jsk232d3333dddsdl', '009909093', null);
        
insert into usuario(email, nome, senha, contato_telefone, token_recuperacao_senha)
    values('email12@email.com','nome 12', 'jsk232d3333dddsdl', '009909093', null);
        
insert into usuario(email, nome, senha, contato_telefone, token_recuperacao_senha)
    values('email13@email.com','nome 13', 'jsk232d3333dddsdl', '009909093', null);
        
insert into usuario(email, nome, senha, contato_telefone, token_recuperacao_senha)
    values('email14@email.com','nome 14', 'jsk232d3333dddsdl', '009909093', null);
        
insert into usuario(email, nome, senha, contato_telefone, token_recuperacao_senha)
    values('email15@email.com','nome 15', 'jsk232d3333dddsdl', '009909093', null);
        
insert into usuario(email, nome, senha, contato_telefone, token_recuperacao_senha)
    values('email16@email.com','nome 16', 'jsk232d3333dddsdl', '009909093', null);
        
insert into usuario(email, nome, senha, contato_telefone, token_recuperacao_senha)
    values('email17@email.com','nome 17', 'jsk232d3333dddsdl', '009909093', null);
        
insert into usuario(email, nome, senha, contato_telefone, token_recuperacao_senha)
    values('email18@email.com','nome 18', 'jsk232d3333dddsdl', '009909093', null);
        
insert into usuario(email, nome, senha, contato_telefone, token_recuperacao_senha)
    values('email19@email.com','nome 19', 'jsk232d3333dddsdl', '009909093', null);
        
insert into usuario(email, nome, senha, contato_telefone, token_recuperacao_senha)
    values('email20@email.com','nome 20', 'jsk232d3333dddsdl', '009909093', null);
        
insert into usuario(email, nome, senha, contato_telefone, token_recuperacao_senha)
    values('email21@email.com','nome 21', 'jsk232d3333dddsdl', '009909093', null);
        
insert into usuario(email, nome, senha, contato_telefone, token_recuperacao_senha)
    values('email22@email.com','nome 22', 'jsk232d3333dddsdl', '009909093', null);
        
insert into usuario(email, nome, senha, contato_telefone, token_recuperacao_senha)
    values('email23@email.com','nome 23', 'jsk232d3333dddsdl', '009909093', null);
        
insert into usuario(email, nome, senha, contato_telefone, token_recuperacao_senha)
    values('email24@email.com','nome 24', 'jsk232d3333dddsdl', '009909093', null);
        
insert into usuario(email, nome, senha, contato_telefone, token_recuperacao_senha)
    values('email25@email.com','nome 25', 'jsk232d3333dddsdl', '009909093', null);
        
insert into usuario(email, nome, senha, contato_telefone, token_recuperacao_senha)
    values('email26@email.com','nome 26', 'jsk232d3333dddsdl', '009909093', null);
        
insert into usuario(email, nome, senha, contato_telefone, token_recuperacao_senha)
    values('email27@email.com','nome 27', 'jsk232d3333dddsdl', '009909093', null);
        
insert into usuario(email, nome, senha, contato_telefone, token_recuperacao_senha)
    values('email28@email.com','nome 28', 'jsk232d3333dddsdl', '009909093', null);
        
insert into usuario(email, nome, senha, contato_telefone, token_recuperacao_senha)
    values('email29@email.com','nome 29', 'jsk232d3333dddsdl', '009909093', null);
        
insert into usuario(email, nome, senha, contato_telefone, token_recuperacao_senha)
    values('email30@email.com','nome 30', 'jsk232d3333dddsdl', '009909093', null);
        
insert into usuario(email, nome, senha, contato_telefone, token_recuperacao_senha)
    values('email31@email.com','nome 31', 'jsk232d3333dddsdl', '009909093', null);
        
insert into usuario(email, nome, senha, contato_telefone, token_recuperacao_senha)
    values('email32@email.com','nome 32', 'jsk232d3333dddsdl', '009909093', null);
        
insert into usuario(email, nome, senha, contato_telefone, token_recuperacao_senha)
    values('email33@email.com','nome 33', 'jsk232d3333dddsdl', '009909093', null);
        
insert into usuario(email, nome, senha, contato_telefone, token_recuperacao_senha)
    values('email34@email.com','nome 34', 'jsk232d3333dddsdl', '009909093', null);
        
insert into usuario(email, nome, senha, contato_telefone, token_recuperacao_senha)
    values('email35@email.com','nome 35', 'jsk232d3333dddsdl', '009909093', null);
        
insert into usuario(email, nome, senha, contato_telefone, token_recuperacao_senha)
    values('email36@email.com','nome 36', 'jsk232d3333dddsdl', '009909093', null);
        
insert into usuario(email, nome, senha, contato_telefone, token_recuperacao_senha)
    values('email37@email.com','nome 37', 'jsk232d3333dddsdl', '009909093', null);
        
insert into usuario(email, nome, senha, contato_telefone, token_recuperacao_senha)
    values('email38@email.com','nome 38', 'jsk232d3333dddsdl', '009909093', null);
        
insert into usuario(email, nome, senha, contato_telefone, token_recuperacao_senha)
    values('email39@email.com','nome 39', 'jsk232d3333dddsdl', '009909093', null);
        
insert into usuario(email, nome, senha, contato_telefone, token_recuperacao_senha)
    values('email40@email.com','nome 40', 'jsk232d3333dddsdl', '009909093', null);
        
insert into discente(matricula, di_email) values (1, 'email1@email.com');
        
insert into discente(matricula, di_email) values (2, 'email2@email.com');
        
insert into discente(matricula, di_email) values (3, 'email3@email.com');
        
insert into discente(matricula, di_email) values (4, 'email4@email.com');
        
insert into discente(matricula, di_email) values (5, 'email5@email.com');
        
insert into discente(matricula, di_email) values (6, 'email6@email.com');
        
insert into discente(matricula, di_email) values (7, 'email7@email.com');
        
insert into discente(matricula, di_email) values (8, 'email8@email.com');
        
insert into discente(matricula, di_email) values (9, 'email9@email.com');
        
insert into discente(matricula, di_email) values (10, 'email10@email.com');
        
insert into doscente(siape, do_email) values (11, 'email11@email.com');
        
insert into doscente(siape, do_email) values (12, 'email12@email.com');
        
insert into doscente(siape, do_email) values (13, 'email13@email.com');
        
insert into doscente(siape, do_email) values (14, 'email14@email.com');
        
insert into doscente(siape, do_email) values (15, 'email15@email.com');
        
insert into doscente(siape, do_email) values (16, 'email16@email.com');
        
insert into doscente(siape, do_email) values (17, 'email17@email.com');
        
insert into doscente(siape, do_email) values (18, 'email18@email.com');
        
insert into doscente(siape, do_email) values (19, 'email19@email.com');
        
insert into doscente(siape, do_email) values (20, 'email20@email.com');
        
insert into fucionario_tercerizado(cpf, fu_email) values ('000000021', 'email21@email.com');
        
insert into fucionario_tercerizado(cpf, fu_email) values ('000000022', 'email22@email.com');
        
insert into fucionario_tercerizado(cpf, fu_email) values ('000000023', 'email23@email.com');
        
insert into fucionario_tercerizado(cpf, fu_email) values ('000000024', 'email24@email.com');
        
insert into fucionario_tercerizado(cpf, fu_email) values ('000000025', 'email25@email.com');
        
insert into fucionario_tercerizado(cpf, fu_email) values ('000000026', 'email26@email.com');
        
insert into fucionario_tercerizado(cpf, fu_email) values ('000000027', 'email27@email.com');
        
insert into fucionario_tercerizado(cpf, fu_email) values ('000000028', 'email28@email.com');
        
insert into fucionario_tercerizado(cpf, fu_email) values ('000000029', 'email29@email.com');
        
insert into fucionario_tercerizado(cpf, fu_email) values ('000000030', 'email30@email.com');
        
insert into tecnicos_adm(cpf, tec_email) values ('000000031', 'email31@email.com');
        
insert into tecnicos_adm(cpf, tec_email) values ('000000032', 'email32@email.com');
        
insert into tecnicos_adm(cpf, tec_email) values ('000000033', 'email33@email.com');
        
insert into tecnicos_adm(cpf, tec_email) values ('000000034', 'email34@email.com');
        
insert into tecnicos_adm(cpf, tec_email) values ('000000035', 'email35@email.com');
        
insert into tecnicos_adm(cpf, tec_email) values ('000000036', 'email36@email.com');
        
insert into tecnicos_adm(cpf, tec_email) values ('000000037', 'email37@email.com');
        
insert into tecnicos_adm(cpf, tec_email) values ('000000038', 'email38@email.com');
        
insert into tecnicos_adm(cpf, tec_email) values ('000000039', 'email39@email.com');
        
insert into tecnicos_adm(cpf, tec_email) values ('000000040', 'email40@email.com');
        /*
 insere salas */
insert into sala(id_sala, numero, lotacao, tipo_sala, data_show, crimatizacao, obs, sala_especial)
    values (1, 1, 10, null, false, false, null, true);
        
insert into sala(id_sala, numero, lotacao, tipo_sala, data_show, crimatizacao, obs, sala_especial)
    values (2, 2, 11, null, true, true, null, false);
        
insert into sala(id_sala, numero, lotacao, tipo_sala, data_show, crimatizacao, obs, sala_especial)
    values (3, 3, 12, null, false, false, null, true);
        
insert into sala(id_sala, numero, lotacao, tipo_sala, data_show, crimatizacao, obs, sala_especial)
    values (4, 4, 13, null, true, true, null, false);
        
insert into sala(id_sala, numero, lotacao, tipo_sala, data_show, crimatizacao, obs, sala_especial)
    values (5, 5, 14, null, false, false, null, true);
        
insert into sala(id_sala, numero, lotacao, tipo_sala, data_show, crimatizacao, obs, sala_especial)
    values (6, 6, 15, null, true, true, null, false);
        
insert into sala(id_sala, numero, lotacao, tipo_sala, data_show, crimatizacao, obs, sala_especial)
    values (7, 7, 16, null, false, false, null, true);
        
insert into sala(id_sala, numero, lotacao, tipo_sala, data_show, crimatizacao, obs, sala_especial)
    values (8, 8, 17, null, true, true, null, false);
        
insert into sala(id_sala, numero, lotacao, tipo_sala, data_show, crimatizacao, obs, sala_especial)
    values (9, 9, 18, null, false, false, null, true);
        
insert into sala(id_sala, numero, lotacao, tipo_sala, data_show, crimatizacao, obs, sala_especial)
    values (10, 10, 19, null, true, true, null, false);
        /*
 insere reservas das salas */
insert into reserva(id_reserva, id_sala, motivo_reserva, recursos_adicionais, horario_inicio, horario_fim,  token_reserva, confirmado)
    values (1, 1, null, null, '2023-10-22 17:15:48', '2023-10-22 20:15:48', null, true);

insert into reserva_responsavel(id_reserva, responsavel) values (1, 'email11@email.com');

insert into reserva(id_reserva, id_sala, motivo_reserva, recursos_adicionais, horario_inicio, horario_fim,  token_reserva, confirmado)
    values (2, 1, null, null, '2023-10-22 18:15:48', '2023-10-22 21:15:48', null, true);

insert into reserva_responsavel(id_reserva, responsavel) values (2, 'email12@email.com');

insert into reserva(id_reserva, id_sala, motivo_reserva, recursos_adicionais, horario_inicio, horario_fim,  token_reserva, confirmado)
    values (3, 1, null, null, '2023-10-22 19:15:48', '2023-10-22 22:15:48', null, true);

insert into reserva_responsavel(id_reserva, responsavel) values (3, 'email13@email.com');

insert into reserva(id_reserva, id_sala, motivo_reserva, recursos_adicionais, horario_inicio, horario_fim,  token_reserva, confirmado)
    values (4, 1, null, null, '2023-10-22 20:15:48', '2023-10-22 23:15:48', null, true);

insert into reserva_responsavel(id_reserva, responsavel) values (4, 'email14@email.com');

insert into reserva(id_reserva, id_sala, motivo_reserva, recursos_adicionais, horario_inicio, horario_fim,  token_reserva, confirmado)
    values (5, 1, null, null, '2023-10-22 21:15:48', '2023-10-23 00:15:48', null, true);

insert into reserva_responsavel(id_reserva, responsavel) values (5, 'email15@email.com');

insert into reserva(id_reserva, id_sala, motivo_reserva, recursos_adicionais, horario_inicio, horario_fim,  token_reserva, confirmado)
    values (6, 2, null, null, '2023-10-22 17:15:48', '2023-10-22 20:15:48', null, true);

insert into reserva_responsavel(id_reserva, responsavel) values (6, 'email16@email.com');

insert into reserva(id_reserva, id_sala, motivo_reserva, recursos_adicionais, horario_inicio, horario_fim,  token_reserva, confirmado)
    values (7, 2, null, null, '2023-10-22 18:15:48', '2023-10-22 21:15:48', null, true);

insert into reserva_responsavel(id_reserva, responsavel) values (7, 'email17@email.com');

insert into reserva(id_reserva, id_sala, motivo_reserva, recursos_adicionais, horario_inicio, horario_fim,  token_reserva, confirmado)
    values (8, 2, null, null, '2023-10-22 19:15:48', '2023-10-22 22:15:48', null, true);

insert into reserva_responsavel(id_reserva, responsavel) values (8, 'email18@email.com');

insert into reserva(id_reserva, id_sala, motivo_reserva, recursos_adicionais, horario_inicio, horario_fim,  token_reserva, confirmado)
    values (9, 2, null, null, '2023-10-22 20:15:48', '2023-10-22 23:15:48', null, true);

insert into reserva_responsavel(id_reserva, responsavel) values (9, 'email19@email.com');

insert into reserva(id_reserva, id_sala, motivo_reserva, recursos_adicionais, horario_inicio, horario_fim,  token_reserva, confirmado)
    values (10, 2, null, null, '2023-10-22 21:15:48', '2023-10-23 00:15:48', null, true);

insert into reserva_responsavel(id_reserva, responsavel) values (10, 'email20@email.com');

insert into reserva(id_reserva, id_sala, motivo_reserva, recursos_adicionais, horario_inicio, horario_fim,  token_reserva, confirmado)
    values (11, 3, null, null, '2023-10-22 17:15:48', '2023-10-22 20:15:48', null, true);

insert into reserva_responsavel(id_reserva, responsavel) values (11, 'email11@email.com');

insert into reserva(id_reserva, id_sala, motivo_reserva, recursos_adicionais, horario_inicio, horario_fim,  token_reserva, confirmado)
    values (12, 3, null, null, '2023-10-22 18:15:48', '2023-10-22 21:15:48', null, true);

insert into reserva_responsavel(id_reserva, responsavel) values (12, 'email12@email.com');

insert into reserva(id_reserva, id_sala, motivo_reserva, recursos_adicionais, horario_inicio, horario_fim,  token_reserva, confirmado)
    values (13, 3, null, null, '2023-10-22 19:15:48', '2023-10-22 22:15:48', null, true);

insert into reserva_responsavel(id_reserva, responsavel) values (13, 'email12@email.com');

insert into reserva(id_reserva, id_sala, motivo_reserva, recursos_adicionais, horario_inicio, horario_fim,  token_reserva, confirmado)
    values (14, 3, null, null, '2023-10-22 20:15:48', '2023-10-22 23:15:48', null, true);

insert into reserva_responsavel(id_reserva, responsavel) values (14, 'email14@email.com');

insert into reserva(id_reserva, id_sala, motivo_reserva, recursos_adicionais, horario_inicio, horario_fim,  token_reserva, confirmado)
    values (15, 3, null, null, '2023-10-22 21:15:48', '2023-10-23 00:15:48', null, true);

insert into reserva_responsavel(id_reserva, responsavel) values (15, 'email14@email.com');

insert into reserva(id_reserva, id_sala, motivo_reserva, recursos_adicionais, horario_inicio, horario_fim,  token_reserva, confirmado)
    values (16, 4, null, null, '2023-10-22 17:15:48', '2023-10-22 20:15:48', null, true);

insert into reserva_responsavel(id_reserva, responsavel) values (16, 'email16@email.com');

insert into reserva(id_reserva, id_sala, motivo_reserva, recursos_adicionais, horario_inicio, horario_fim,  token_reserva, confirmado)
    values (17, 4, null, null, '2023-10-22 18:15:48', '2023-10-22 21:15:48', null, true);

insert into reserva_responsavel(id_reserva, responsavel) values (17, 'email17@email.com');

insert into reserva(id_reserva, id_sala, motivo_reserva, recursos_adicionais, horario_inicio, horario_fim,  token_reserva, confirmado)
    values (18, 4, null, null, '2023-10-22 19:15:48', '2023-10-22 22:15:48', null, true);

insert into reserva_responsavel(id_reserva, responsavel) values (18, 'email18@email.com');

insert into reserva(id_reserva, id_sala, motivo_reserva, recursos_adicionais, horario_inicio, horario_fim,  token_reserva, confirmado)
    values (19, 4, null, null, '2023-10-22 20:15:48', '2023-10-22 23:15:48', null, true);

insert into reserva_responsavel(id_reserva, responsavel) values (19, 'email19@email.com');

insert into reserva(id_reserva, id_sala, motivo_reserva, recursos_adicionais, horario_inicio, horario_fim,  token_reserva, confirmado)
    values (20, 4, null, null, '2023-10-22 21:15:48', '2023-10-23 00:15:48', null, true);

insert into reserva_responsavel(id_reserva, responsavel) values (20, 'email20@email.com');

insert into reserva(id_reserva, id_sala, motivo_reserva, recursos_adicionais, horario_inicio, horario_fim,  token_reserva, confirmado)
    values (21, 5, null, null, '2023-10-22 17:15:48', '2023-10-22 20:15:48', null, true);

insert into reserva_responsavel(id_reserva, responsavel) values (21, 'email11@email.com');

insert into reserva(id_reserva, id_sala, motivo_reserva, recursos_adicionais, horario_inicio, horario_fim,  token_reserva, confirmado)
    values (22, 5, null, null, '2023-10-22 18:15:48', '2023-10-22 21:15:48', null, true);

insert into reserva_responsavel(id_reserva, responsavel) values (22, 'email12@email.com');

insert into reserva(id_reserva, id_sala, motivo_reserva, recursos_adicionais, horario_inicio, horario_fim,  token_reserva, confirmado)
    values (23, 5, null, null, '2023-10-22 19:15:48', '2023-10-22 22:15:48', null, true);

insert into reserva_responsavel(id_reserva, responsavel) values (23, 'email13@email.com');

insert into reserva(id_reserva, id_sala, motivo_reserva, recursos_adicionais, horario_inicio, horario_fim,  token_reserva, confirmado)
    values (24, 5, null, null, '2023-10-22 20:15:48', '2023-10-22 23:15:48', null, true);

insert into reserva_responsavel(id_reserva, responsavel) values (24, 'email13@email.com');

insert into reserva(id_reserva, id_sala, motivo_reserva, recursos_adicionais, horario_inicio, horario_fim,  token_reserva, confirmado)
    values (25, 5, null, null, '2023-10-22 21:15:48', '2023-10-23 00:15:48', null, true);

insert into reserva_responsavel(id_reserva, responsavel) values (25, 'email14@email.com');

insert into reserva(id_reserva, id_sala, motivo_reserva, recursos_adicionais, horario_inicio, horario_fim,  token_reserva, confirmado)
    values (26, 6, null, null, '2023-10-22 17:15:48', '2023-10-22 20:15:48', null, true);

insert into reserva_responsavel(id_reserva, responsavel) values (26, 'email16@email.com');

insert into reserva(id_reserva, id_sala, motivo_reserva, recursos_adicionais, horario_inicio, horario_fim,  token_reserva, confirmado)
    values (27, 6, null, null, '2023-10-22 18:15:48', '2023-10-22 21:15:48', null, true);

insert into reserva_responsavel(id_reserva, responsavel) values (27, 'email17@email.com');

insert into reserva(id_reserva, id_sala, motivo_reserva, recursos_adicionais, horario_inicio, horario_fim,  token_reserva, confirmado)
    values (28, 6, null, null, '2023-10-22 19:15:48', '2023-10-22 22:15:48', null, true);

insert into reserva_responsavel(id_reserva, responsavel) values (28, 'email18@email.com');

insert into reserva(id_reserva, id_sala, motivo_reserva, recursos_adicionais, horario_inicio, horario_fim,  token_reserva, confirmado)
    values (29, 6, null, null, '2023-10-22 20:15:48', '2023-10-22 23:15:48', null, true);

insert into reserva_responsavel(id_reserva, responsavel) values (29, 'email18@email.com');

insert into reserva(id_reserva, id_sala, motivo_reserva, recursos_adicionais, horario_inicio, horario_fim,  token_reserva, confirmado)
    values (30, 6, null, null, '2023-10-22 21:15:48', '2023-10-23 00:15:48', null, true);

insert into reserva_responsavel(id_reserva, responsavel) values (30, 'email20@email.com');

insert into reserva(id_reserva, id_sala, motivo_reserva, recursos_adicionais, horario_inicio, horario_fim,  token_reserva, confirmado)
    values (31, 7, null, null, '2023-10-22 17:15:48', '2023-10-22 20:15:48', null, true);

insert into reserva_responsavel(id_reserva, responsavel) values (31, 'email11@email.com');

insert into reserva(id_reserva, id_sala, motivo_reserva, recursos_adicionais, horario_inicio, horario_fim,  token_reserva, confirmado)
    values (32, 7, null, null, '2023-10-22 18:15:48', '2023-10-22 21:15:48', null, true);

insert into reserva_responsavel(id_reserva, responsavel) values (32, 'email12@email.com');

insert into reserva(id_reserva, id_sala, motivo_reserva, recursos_adicionais, horario_inicio, horario_fim,  token_reserva, confirmado)
    values (33, 7, null, null, '2023-10-22 19:15:48', '2023-10-22 22:15:48', null, true);

insert into reserva_responsavel(id_reserva, responsavel) values (33, 'email13@email.com');

insert into reserva(id_reserva, id_sala, motivo_reserva, recursos_adicionais, horario_inicio, horario_fim,  token_reserva, confirmado)
    values (34, 7, null, null, '2023-10-22 20:15:48', '2023-10-22 23:15:48', null, true);

insert into reserva_responsavel(id_reserva, responsavel) values (34, 'email13@email.com');

insert into reserva(id_reserva, id_sala, motivo_reserva, recursos_adicionais, horario_inicio, horario_fim,  token_reserva, confirmado)
    values (35, 7, null, null, '2023-10-22 21:15:48', '2023-10-23 00:15:48', null, true);

insert into reserva_responsavel(id_reserva, responsavel) values (35, 'email14@email.com');

insert into reserva(id_reserva, id_sala, motivo_reserva, recursos_adicionais, horario_inicio, horario_fim,  token_reserva, confirmado)
    values (36, 8, null, null, '2023-10-22 17:15:48', '2023-10-22 20:15:48', null, true);

insert into reserva_responsavel(id_reserva, responsavel) values (36, 'email16@email.com');

insert into reserva(id_reserva, id_sala, motivo_reserva, recursos_adicionais, horario_inicio, horario_fim,  token_reserva, confirmado)
    values (37, 8, null, null, '2023-10-22 18:15:48', '2023-10-22 21:15:48', null, true);

insert into reserva_responsavel(id_reserva, responsavel) values (37, 'email17@email.com');

insert into reserva(id_reserva, id_sala, motivo_reserva, recursos_adicionais, horario_inicio, horario_fim,  token_reserva, confirmado)
    values (38, 8, null, null, '2023-10-22 19:15:48', '2023-10-22 22:15:48', null, true);

insert into reserva_responsavel(id_reserva, responsavel) values (38, 'email18@email.com');

insert into reserva(id_reserva, id_sala, motivo_reserva, recursos_adicionais, horario_inicio, horario_fim,  token_reserva, confirmado)
    values (39, 8, null, null, '2023-10-22 20:15:48', '2023-10-22 23:15:48', null, true);

insert into reserva_responsavel(id_reserva, responsavel) values (39, 'email18@email.com');

insert into reserva(id_reserva, id_sala, motivo_reserva, recursos_adicionais, horario_inicio, horario_fim,  token_reserva, confirmado)
    values (40, 8, null, null, '2023-10-22 21:15:48', '2023-10-23 00:15:48', null, true);

insert into reserva_responsavel(id_reserva, responsavel) values (40, 'email20@email.com');

insert into reserva(id_reserva, id_sala, motivo_reserva, recursos_adicionais, horario_inicio, horario_fim,  token_reserva, confirmado)
    values (41, 9, null, null, '2023-10-22 17:15:48', '2023-10-22 20:15:48', null, true);

insert into reserva_responsavel(id_reserva, responsavel) values (41, 'email11@email.com');

insert into reserva(id_reserva, id_sala, motivo_reserva, recursos_adicionais, horario_inicio, horario_fim,  token_reserva, confirmado)
    values (42, 9, null, null, '2023-10-22 18:15:48', '2023-10-22 21:15:48', null, true);

insert into reserva_responsavel(id_reserva, responsavel) values (42, 'email11@email.com');

insert into reserva(id_reserva, id_sala, motivo_reserva, recursos_adicionais, horario_inicio, horario_fim,  token_reserva, confirmado)
    values (43, 9, null, null, '2023-10-22 19:15:48', '2023-10-22 22:15:48', null, true);

insert into reserva_responsavel(id_reserva, responsavel) values (43, 'email13@email.com');

insert into reserva(id_reserva, id_sala, motivo_reserva, recursos_adicionais, horario_inicio, horario_fim,  token_reserva, confirmado)
    values (44, 9, null, null, '2023-10-22 20:15:48', '2023-10-22 23:15:48', null, true);

insert into reserva_responsavel(id_reserva, responsavel) values (44, 'email13@email.com');

insert into reserva(id_reserva, id_sala, motivo_reserva, recursos_adicionais, horario_inicio, horario_fim,  token_reserva, confirmado)
    values (45, 9, null, null, '2023-10-22 21:15:48', '2023-10-23 00:15:48', null, true);

insert into reserva_responsavel(id_reserva, responsavel) values (45, 'email15@email.com');

insert into reserva(id_reserva, id_sala, motivo_reserva, recursos_adicionais, horario_inicio, horario_fim,  token_reserva, confirmado)
    values (46, 10, null, null, '2023-10-22 17:15:48', '2023-10-22 20:15:48', null, true);

insert into reserva_responsavel(id_reserva, responsavel) values (46, 'email16@email.com');

insert into reserva(id_reserva, id_sala, motivo_reserva, recursos_adicionais, horario_inicio, horario_fim,  token_reserva, confirmado)
    values (47, 10, null, null, '2023-10-22 18:15:48', '2023-10-22 21:15:48', null, true);

insert into reserva_responsavel(id_reserva, responsavel) values (47, 'email16@email.com');

insert into reserva(id_reserva, id_sala, motivo_reserva, recursos_adicionais, horario_inicio, horario_fim,  token_reserva, confirmado)
    values (48, 10, null, null, '2023-10-22 19:15:48', '2023-10-22 22:15:48', null, true);

insert into reserva_responsavel(id_reserva, responsavel) values (48, 'email18@email.com');

insert into reserva(id_reserva, id_sala, motivo_reserva, recursos_adicionais, horario_inicio, horario_fim,  token_reserva, confirmado)
    values (49, 10, null, null, '2023-10-22 20:15:48', '2023-10-22 23:15:48', null, true);

insert into reserva_responsavel(id_reserva, responsavel) values (49, 'email18@email.com');

insert into reserva(id_reserva, id_sala, motivo_reserva, recursos_adicionais, horario_inicio, horario_fim,  token_reserva, confirmado)
    values (50, 10, null, null, '2023-10-22 21:15:48', '2023-10-23 00:15:48', null, true);

insert into reserva_responsavel(id_reserva, responsavel) values (50, 'email20@email.com');
/*
 insere limpezas das salas */
insert into limpeza_manutencao(cpf_funcionario, id_sala, data_hora) values ('000000021', 1, '2023-10-22 17:15:48');
            
insert into limpeza_manutencao(cpf_funcionario, id_sala, data_hora) values ('000000022', 1, '2023-10-23 17:15:48');
            
insert into limpeza_manutencao(cpf_funcionario, id_sala, data_hora) values ('000000023', 1, '2023-10-24 17:15:48');
            
insert into limpeza_manutencao(cpf_funcionario, id_sala, data_hora) values ('000000024', 1, '2023-10-25 17:15:48');
            
insert into limpeza_manutencao(cpf_funcionario, id_sala, data_hora) values ('000000025', 1, '2023-10-26 17:15:48');
            
insert into limpeza_manutencao(cpf_funcionario, id_sala, data_hora) values ('000000026', 1, '2023-10-27 17:15:48');
            
insert into limpeza_manutencao(cpf_funcionario, id_sala, data_hora) values ('000000027', 1, '2023-10-28 17:15:48');
            
insert into limpeza_manutencao(cpf_funcionario, id_sala, data_hora) values ('000000028', 1, '2023-10-29 17:15:48');
            
insert into limpeza_manutencao(cpf_funcionario, id_sala, data_hora) values ('000000029', 1, '2023-10-30 17:15:48');
            
insert into limpeza_manutencao(cpf_funcionario, id_sala, data_hora) values ('000000030', 1, '2023-10-31 17:15:48');
            
insert into limpeza_manutencao(cpf_funcionario, id_sala, data_hora) values ('000000021', 1, '2023-11-01 17:15:48');
            
insert into limpeza_manutencao(cpf_funcionario, id_sala, data_hora) values ('000000022', 1, '2023-11-02 17:15:48');
            
insert into limpeza_manutencao(cpf_funcionario, id_sala, data_hora) values ('000000022', 1, '2023-11-03 17:15:48');
            
insert into limpeza_manutencao(cpf_funcionario, id_sala, data_hora) values ('000000024', 1, '2023-11-04 17:15:48');
            
insert into limpeza_manutencao(cpf_funcionario, id_sala, data_hora) values ('000000024', 1, '2023-11-05 17:15:48');
            
insert into limpeza_manutencao(cpf_funcionario, id_sala, data_hora) values ('000000026', 1, '2023-11-06 17:15:48');
            
insert into limpeza_manutencao(cpf_funcionario, id_sala, data_hora) values ('000000027', 1, '2023-11-07 17:15:48');
            
insert into limpeza_manutencao(cpf_funcionario, id_sala, data_hora) values ('000000028', 1, '2023-11-08 17:15:48');
            
insert into limpeza_manutencao(cpf_funcionario, id_sala, data_hora) values ('000000029', 1, '2023-11-09 17:15:48');
            
insert into limpeza_manutencao(cpf_funcionario, id_sala, data_hora) values ('000000030', 1, '2023-11-10 17:15:48');
            
insert into limpeza_manutencao(cpf_funcionario, id_sala, data_hora) values ('000000021', 1, '2023-11-11 17:15:48');
            
insert into limpeza_manutencao(cpf_funcionario, id_sala, data_hora) values ('000000022', 1, '2023-11-12 17:15:48');
            
insert into limpeza_manutencao(cpf_funcionario, id_sala, data_hora) values ('000000023', 1, '2023-11-13 17:15:48');
            
insert into limpeza_manutencao(cpf_funcionario, id_sala, data_hora) values ('000000023', 1, '2023-11-14 17:15:48');
            
insert into limpeza_manutencao(cpf_funcionario, id_sala, data_hora) values ('000000024', 1, '2023-11-15 17:15:48');
            
insert into limpeza_manutencao(cpf_funcionario, id_sala, data_hora) values ('000000026', 1, '2023-11-16 17:15:48');
            
insert into limpeza_manutencao(cpf_funcionario, id_sala, data_hora) values ('000000027', 1, '2023-11-17 17:15:48');
            
insert into limpeza_manutencao(cpf_funcionario, id_sala, data_hora) values ('000000028', 1, '2023-11-18 17:15:48');
            
insert into limpeza_manutencao(cpf_funcionario, id_sala, data_hora) values ('000000028', 1, '2023-11-19 17:15:48');
            
insert into limpeza_manutencao(cpf_funcionario, id_sala, data_hora) values ('000000030', 1, '2023-11-20 17:15:48');
            
insert into limpeza_manutencao(cpf_funcionario, id_sala, data_hora) values ('000000021', 2, '2023-10-22 18:15:48');
            
insert into limpeza_manutencao(cpf_funcionario, id_sala, data_hora) values ('000000022', 2, '2023-10-23 18:15:48');
            
insert into limpeza_manutencao(cpf_funcionario, id_sala, data_hora) values ('000000023', 2, '2023-10-24 18:15:48');
            
insert into limpeza_manutencao(cpf_funcionario, id_sala, data_hora) values ('000000024', 2, '2023-10-25 18:15:48');
            
insert into limpeza_manutencao(cpf_funcionario, id_sala, data_hora) values ('000000025', 2, '2023-10-26 18:15:48');
            
insert into limpeza_manutencao(cpf_funcionario, id_sala, data_hora) values ('000000026', 2, '2023-10-27 18:15:48');
            
insert into limpeza_manutencao(cpf_funcionario, id_sala, data_hora) values ('000000027', 2, '2023-10-28 18:15:48');
            
insert into limpeza_manutencao(cpf_funcionario, id_sala, data_hora) values ('000000028', 2, '2023-10-29 18:15:48');
            
insert into limpeza_manutencao(cpf_funcionario, id_sala, data_hora) values ('000000029', 2, '2023-10-30 18:15:48');
            
insert into limpeza_manutencao(cpf_funcionario, id_sala, data_hora) values ('000000030', 2, '2023-10-31 18:15:48');
            
insert into limpeza_manutencao(cpf_funcionario, id_sala, data_hora) values ('000000021', 2, '2023-11-01 18:15:48');
            
insert into limpeza_manutencao(cpf_funcionario, id_sala, data_hora) values ('000000022', 2, '2023-11-02 18:15:48');
            
insert into limpeza_manutencao(cpf_funcionario, id_sala, data_hora) values ('000000022', 2, '2023-11-03 18:15:48');
            
insert into limpeza_manutencao(cpf_funcionario, id_sala, data_hora) values ('000000024', 2, '2023-11-04 18:15:48');
            
insert into limpeza_manutencao(cpf_funcionario, id_sala, data_hora) values ('000000024', 2, '2023-11-05 18:15:48');
            
insert into limpeza_manutencao(cpf_funcionario, id_sala, data_hora) values ('000000026', 2, '2023-11-06 18:15:48');
            
insert into limpeza_manutencao(cpf_funcionario, id_sala, data_hora) values ('000000027', 2, '2023-11-07 18:15:48');
            
insert into limpeza_manutencao(cpf_funcionario, id_sala, data_hora) values ('000000028', 2, '2023-11-08 18:15:48');
            
insert into limpeza_manutencao(cpf_funcionario, id_sala, data_hora) values ('000000029', 2, '2023-11-09 18:15:48');
            
insert into limpeza_manutencao(cpf_funcionario, id_sala, data_hora) values ('000000030', 2, '2023-11-10 18:15:48');
            
insert into limpeza_manutencao(cpf_funcionario, id_sala, data_hora) values ('000000021', 2, '2023-11-11 18:15:48');
            
insert into limpeza_manutencao(cpf_funcionario, id_sala, data_hora) values ('000000022', 2, '2023-11-12 18:15:48');
            
insert into limpeza_manutencao(cpf_funcionario, id_sala, data_hora) values ('000000023', 2, '2023-11-13 18:15:48');
            
insert into limpeza_manutencao(cpf_funcionario, id_sala, data_hora) values ('000000023', 2, '2023-11-14 18:15:48');
            
insert into limpeza_manutencao(cpf_funcionario, id_sala, data_hora) values ('000000024', 2, '2023-11-15 18:15:48');
            
insert into limpeza_manutencao(cpf_funcionario, id_sala, data_hora) values ('000000026', 2, '2023-11-16 18:15:48');
            
insert into limpeza_manutencao(cpf_funcionario, id_sala, data_hora) values ('000000027', 2, '2023-11-17 18:15:48');
            
insert into limpeza_manutencao(cpf_funcionario, id_sala, data_hora) values ('000000028', 2, '2023-11-18 18:15:48');
            
insert into limpeza_manutencao(cpf_funcionario, id_sala, data_hora) values ('000000028', 2, '2023-11-19 18:15:48');
            
insert into limpeza_manutencao(cpf_funcionario, id_sala, data_hora) values ('000000030', 2, '2023-11-20 18:15:48');
            
insert into limpeza_manutencao(cpf_funcionario, id_sala, data_hora) values ('000000021', 3, '2023-10-22 19:15:48');
            
insert into limpeza_manutencao(cpf_funcionario, id_sala, data_hora) values ('000000022', 3, '2023-10-23 19:15:48');
            
insert into limpeza_manutencao(cpf_funcionario, id_sala, data_hora) values ('000000023', 3, '2023-10-24 19:15:48');
            
insert into limpeza_manutencao(cpf_funcionario, id_sala, data_hora) values ('000000024', 3, '2023-10-25 19:15:48');
            
insert into limpeza_manutencao(cpf_funcionario, id_sala, data_hora) values ('000000025', 3, '2023-10-26 19:15:48');
            
insert into limpeza_manutencao(cpf_funcionario, id_sala, data_hora) values ('000000026', 3, '2023-10-27 19:15:48');
            
insert into limpeza_manutencao(cpf_funcionario, id_sala, data_hora) values ('000000027', 3, '2023-10-28 19:15:48');
            
insert into limpeza_manutencao(cpf_funcionario, id_sala, data_hora) values ('000000028', 3, '2023-10-29 19:15:48');
            
insert into limpeza_manutencao(cpf_funcionario, id_sala, data_hora) values ('000000029', 3, '2023-10-30 19:15:48');
            
insert into limpeza_manutencao(cpf_funcionario, id_sala, data_hora) values ('000000030', 3, '2023-10-31 19:15:48');
            
insert into limpeza_manutencao(cpf_funcionario, id_sala, data_hora) values ('000000021', 3, '2023-11-01 19:15:48');
            
insert into limpeza_manutencao(cpf_funcionario, id_sala, data_hora) values ('000000022', 3, '2023-11-02 19:15:48');
            
insert into limpeza_manutencao(cpf_funcionario, id_sala, data_hora) values ('000000022', 3, '2023-11-03 19:15:48');
            
insert into limpeza_manutencao(cpf_funcionario, id_sala, data_hora) values ('000000024', 3, '2023-11-04 19:15:48');
            
insert into limpeza_manutencao(cpf_funcionario, id_sala, data_hora) values ('000000024', 3, '2023-11-05 19:15:48');
            
insert into limpeza_manutencao(cpf_funcionario, id_sala, data_hora) values ('000000026', 3, '2023-11-06 19:15:48');
            
insert into limpeza_manutencao(cpf_funcionario, id_sala, data_hora) values ('000000027', 3, '2023-11-07 19:15:48');
            
insert into limpeza_manutencao(cpf_funcionario, id_sala, data_hora) values ('000000028', 3, '2023-11-08 19:15:48');
            
insert into limpeza_manutencao(cpf_funcionario, id_sala, data_hora) values ('000000029', 3, '2023-11-09 19:15:48');
            
insert into limpeza_manutencao(cpf_funcionario, id_sala, data_hora) values ('000000030', 3, '2023-11-10 19:15:48');
            
insert into limpeza_manutencao(cpf_funcionario, id_sala, data_hora) values ('000000021', 3, '2023-11-11 19:15:48');
            
insert into limpeza_manutencao(cpf_funcionario, id_sala, data_hora) values ('000000022', 3, '2023-11-12 19:15:48');
            
insert into limpeza_manutencao(cpf_funcionario, id_sala, data_hora) values ('000000023', 3, '2023-11-13 19:15:48');
            
insert into limpeza_manutencao(cpf_funcionario, id_sala, data_hora) values ('000000023', 3, '2023-11-14 19:15:48');
            
insert into limpeza_manutencao(cpf_funcionario, id_sala, data_hora) values ('000000024', 3, '2023-11-15 19:15:48');
            
insert into limpeza_manutencao(cpf_funcionario, id_sala, data_hora) values ('000000026', 3, '2023-11-16 19:15:48');
            
insert into limpeza_manutencao(cpf_funcionario, id_sala, data_hora) values ('000000027', 3, '2023-11-17 19:15:48');
            
insert into limpeza_manutencao(cpf_funcionario, id_sala, data_hora) values ('000000028', 3, '2023-11-18 19:15:48');
            
insert into limpeza_manutencao(cpf_funcionario, id_sala, data_hora) values ('000000028', 3, '2023-11-19 19:15:48');
            
insert into limpeza_manutencao(cpf_funcionario, id_sala, data_hora) values ('000000030', 3, '2023-11-20 19:15:48');
            
insert into limpeza_manutencao(cpf_funcionario, id_sala, data_hora) values ('000000021', 4, '2023-10-22 20:15:48');
            
insert into limpeza_manutencao(cpf_funcionario, id_sala, data_hora) values ('000000022', 4, '2023-10-23 20:15:48');
            
insert into limpeza_manutencao(cpf_funcionario, id_sala, data_hora) values ('000000023', 4, '2023-10-24 20:15:48');
            
insert into limpeza_manutencao(cpf_funcionario, id_sala, data_hora) values ('000000024', 4, '2023-10-25 20:15:48');
            
insert into limpeza_manutencao(cpf_funcionario, id_sala, data_hora) values ('000000025', 4, '2023-10-26 20:15:48');
            
insert into limpeza_manutencao(cpf_funcionario, id_sala, data_hora) values ('000000026', 4, '2023-10-27 20:15:48');
            
insert into limpeza_manutencao(cpf_funcionario, id_sala, data_hora) values ('000000027', 4, '2023-10-28 20:15:48');
            
insert into limpeza_manutencao(cpf_funcionario, id_sala, data_hora) values ('000000028', 4, '2023-10-29 20:15:48');
            
insert into limpeza_manutencao(cpf_funcionario, id_sala, data_hora) values ('000000029', 4, '2023-10-30 20:15:48');
            
insert into limpeza_manutencao(cpf_funcionario, id_sala, data_hora) values ('000000030', 4, '2023-10-31 20:15:48');
            
insert into limpeza_manutencao(cpf_funcionario, id_sala, data_hora) values ('000000021', 4, '2023-11-01 20:15:48');
            
insert into limpeza_manutencao(cpf_funcionario, id_sala, data_hora) values ('000000022', 4, '2023-11-02 20:15:48');
            
insert into limpeza_manutencao(cpf_funcionario, id_sala, data_hora) values ('000000022', 4, '2023-11-03 20:15:48');
            
insert into limpeza_manutencao(cpf_funcionario, id_sala, data_hora) values ('000000024', 4, '2023-11-04 20:15:48');
            
insert into limpeza_manutencao(cpf_funcionario, id_sala, data_hora) values ('000000024', 4, '2023-11-05 20:15:48');
            
insert into limpeza_manutencao(cpf_funcionario, id_sala, data_hora) values ('000000026', 4, '2023-11-06 20:15:48');
            
insert into limpeza_manutencao(cpf_funcionario, id_sala, data_hora) values ('000000027', 4, '2023-11-07 20:15:48');
            
insert into limpeza_manutencao(cpf_funcionario, id_sala, data_hora) values ('000000028', 4, '2023-11-08 20:15:48');
            
insert into limpeza_manutencao(cpf_funcionario, id_sala, data_hora) values ('000000029', 4, '2023-11-09 20:15:48');
            
insert into limpeza_manutencao(cpf_funcionario, id_sala, data_hora) values ('000000030', 4, '2023-11-10 20:15:48');
            
insert into limpeza_manutencao(cpf_funcionario, id_sala, data_hora) values ('000000021', 4, '2023-11-11 20:15:48');
            
insert into limpeza_manutencao(cpf_funcionario, id_sala, data_hora) values ('000000022', 4, '2023-11-12 20:15:48');
            
insert into limpeza_manutencao(cpf_funcionario, id_sala, data_hora) values ('000000023', 4, '2023-11-13 20:15:48');
            
insert into limpeza_manutencao(cpf_funcionario, id_sala, data_hora) values ('000000023', 4, '2023-11-14 20:15:48');
            
insert into limpeza_manutencao(cpf_funcionario, id_sala, data_hora) values ('000000024', 4, '2023-11-15 20:15:48');
            
insert into limpeza_manutencao(cpf_funcionario, id_sala, data_hora) values ('000000026', 4, '2023-11-16 20:15:48');
            
insert into limpeza_manutencao(cpf_funcionario, id_sala, data_hora) values ('000000027', 4, '2023-11-17 20:15:48');
            
insert into limpeza_manutencao(cpf_funcionario, id_sala, data_hora) values ('000000028', 4, '2023-11-18 20:15:48');
            
insert into limpeza_manutencao(cpf_funcionario, id_sala, data_hora) values ('000000028', 4, '2023-11-19 20:15:48');
            
insert into limpeza_manutencao(cpf_funcionario, id_sala, data_hora) values ('000000030', 4, '2023-11-20 20:15:48');
            
insert into limpeza_manutencao(cpf_funcionario, id_sala, data_hora) values ('000000021', 5, '2023-10-22 21:15:48');
            
insert into limpeza_manutencao(cpf_funcionario, id_sala, data_hora) values ('000000022', 5, '2023-10-23 21:15:48');
            
insert into limpeza_manutencao(cpf_funcionario, id_sala, data_hora) values ('000000023', 5, '2023-10-24 21:15:48');
            
insert into limpeza_manutencao(cpf_funcionario, id_sala, data_hora) values ('000000024', 5, '2023-10-25 21:15:48');
            
insert into limpeza_manutencao(cpf_funcionario, id_sala, data_hora) values ('000000025', 5, '2023-10-26 21:15:48');
            
insert into limpeza_manutencao(cpf_funcionario, id_sala, data_hora) values ('000000026', 5, '2023-10-27 21:15:48');
            
insert into limpeza_manutencao(cpf_funcionario, id_sala, data_hora) values ('000000027', 5, '2023-10-28 21:15:48');
            
insert into limpeza_manutencao(cpf_funcionario, id_sala, data_hora) values ('000000028', 5, '2023-10-29 21:15:48');
            
insert into limpeza_manutencao(cpf_funcionario, id_sala, data_hora) values ('000000029', 5, '2023-10-30 21:15:48');
            
insert into limpeza_manutencao(cpf_funcionario, id_sala, data_hora) values ('000000030', 5, '2023-10-31 21:15:48');
            
insert into limpeza_manutencao(cpf_funcionario, id_sala, data_hora) values ('000000021', 5, '2023-11-01 21:15:48');
            
insert into limpeza_manutencao(cpf_funcionario, id_sala, data_hora) values ('000000022', 5, '2023-11-02 21:15:48');
            
insert into limpeza_manutencao(cpf_funcionario, id_sala, data_hora) values ('000000022', 5, '2023-11-03 21:15:48');
            
insert into limpeza_manutencao(cpf_funcionario, id_sala, data_hora) values ('000000024', 5, '2023-11-04 21:15:48');
            
insert into limpeza_manutencao(cpf_funcionario, id_sala, data_hora) values ('000000024', 5, '2023-11-05 21:15:48');
            
insert into limpeza_manutencao(cpf_funcionario, id_sala, data_hora) values ('000000026', 5, '2023-11-06 21:15:48');
            
insert into limpeza_manutencao(cpf_funcionario, id_sala, data_hora) values ('000000027', 5, '2023-11-07 21:15:48');
            
insert into limpeza_manutencao(cpf_funcionario, id_sala, data_hora) values ('000000028', 5, '2023-11-08 21:15:48');
            
insert into limpeza_manutencao(cpf_funcionario, id_sala, data_hora) values ('000000029', 5, '2023-11-09 21:15:48');
            
insert into limpeza_manutencao(cpf_funcionario, id_sala, data_hora) values ('000000030', 5, '2023-11-10 21:15:48');
            
insert into limpeza_manutencao(cpf_funcionario, id_sala, data_hora) values ('000000021', 5, '2023-11-11 21:15:48');
            
insert into limpeza_manutencao(cpf_funcionario, id_sala, data_hora) values ('000000022', 5, '2023-11-12 21:15:48');
            
insert into limpeza_manutencao(cpf_funcionario, id_sala, data_hora) values ('000000023', 5, '2023-11-13 21:15:48');
            
insert into limpeza_manutencao(cpf_funcionario, id_sala, data_hora) values ('000000023', 5, '2023-11-14 21:15:48');
            
insert into limpeza_manutencao(cpf_funcionario, id_sala, data_hora) values ('000000024', 5, '2023-11-15 21:15:48');
            
insert into limpeza_manutencao(cpf_funcionario, id_sala, data_hora) values ('000000026', 5, '2023-11-16 21:15:48');
            
insert into limpeza_manutencao(cpf_funcionario, id_sala, data_hora) values ('000000027', 5, '2023-11-17 21:15:48');
            
insert into limpeza_manutencao(cpf_funcionario, id_sala, data_hora) values ('000000028', 5, '2023-11-18 21:15:48');
            
insert into limpeza_manutencao(cpf_funcionario, id_sala, data_hora) values ('000000028', 5, '2023-11-19 21:15:48');
            
insert into limpeza_manutencao(cpf_funcionario, id_sala, data_hora) values ('000000030', 5, '2023-11-20 21:15:48');
            
insert into limpeza_manutencao(cpf_funcionario, id_sala, data_hora) values ('000000021', 6, '2023-10-22 22:15:48');
            
insert into limpeza_manutencao(cpf_funcionario, id_sala, data_hora) values ('000000022', 6, '2023-10-23 22:15:48');
            
insert into limpeza_manutencao(cpf_funcionario, id_sala, data_hora) values ('000000023', 6, '2023-10-24 22:15:48');
            
insert into limpeza_manutencao(cpf_funcionario, id_sala, data_hora) values ('000000024', 6, '2023-10-25 22:15:48');
            
insert into limpeza_manutencao(cpf_funcionario, id_sala, data_hora) values ('000000025', 6, '2023-10-26 22:15:48');
            
insert into limpeza_manutencao(cpf_funcionario, id_sala, data_hora) values ('000000026', 6, '2023-10-27 22:15:48');
            
insert into limpeza_manutencao(cpf_funcionario, id_sala, data_hora) values ('000000027', 6, '2023-10-28 22:15:48');
            
insert into limpeza_manutencao(cpf_funcionario, id_sala, data_hora) values ('000000028', 6, '2023-10-29 22:15:48');
            
insert into limpeza_manutencao(cpf_funcionario, id_sala, data_hora) values ('000000029', 6, '2023-10-30 22:15:48');
            
insert into limpeza_manutencao(cpf_funcionario, id_sala, data_hora) values ('000000030', 6, '2023-10-31 22:15:48');
            
insert into limpeza_manutencao(cpf_funcionario, id_sala, data_hora) values ('000000021', 6, '2023-11-01 22:15:48');
            
insert into limpeza_manutencao(cpf_funcionario, id_sala, data_hora) values ('000000022', 6, '2023-11-02 22:15:48');
            
insert into limpeza_manutencao(cpf_funcionario, id_sala, data_hora) values ('000000022', 6, '2023-11-03 22:15:48');
            
insert into limpeza_manutencao(cpf_funcionario, id_sala, data_hora) values ('000000024', 6, '2023-11-04 22:15:48');
            
insert into limpeza_manutencao(cpf_funcionario, id_sala, data_hora) values ('000000024', 6, '2023-11-05 22:15:48');
            
insert into limpeza_manutencao(cpf_funcionario, id_sala, data_hora) values ('000000026', 6, '2023-11-06 22:15:48');
            
insert into limpeza_manutencao(cpf_funcionario, id_sala, data_hora) values ('000000027', 6, '2023-11-07 22:15:48');
            
insert into limpeza_manutencao(cpf_funcionario, id_sala, data_hora) values ('000000028', 6, '2023-11-08 22:15:48');
            
insert into limpeza_manutencao(cpf_funcionario, id_sala, data_hora) values ('000000029', 6, '2023-11-09 22:15:48');
            
insert into limpeza_manutencao(cpf_funcionario, id_sala, data_hora) values ('000000030', 6, '2023-11-10 22:15:48');
            
insert into limpeza_manutencao(cpf_funcionario, id_sala, data_hora) values ('000000021', 6, '2023-11-11 22:15:48');
            
insert into limpeza_manutencao(cpf_funcionario, id_sala, data_hora) values ('000000022', 6, '2023-11-12 22:15:48');
            
insert into limpeza_manutencao(cpf_funcionario, id_sala, data_hora) values ('000000023', 6, '2023-11-13 22:15:48');
            
insert into limpeza_manutencao(cpf_funcionario, id_sala, data_hora) values ('000000023', 6, '2023-11-14 22:15:48');
            
insert into limpeza_manutencao(cpf_funcionario, id_sala, data_hora) values ('000000024', 6, '2023-11-15 22:15:48');
            
insert into limpeza_manutencao(cpf_funcionario, id_sala, data_hora) values ('000000026', 6, '2023-11-16 22:15:48');
            
insert into limpeza_manutencao(cpf_funcionario, id_sala, data_hora) values ('000000027', 6, '2023-11-17 22:15:48');
            
insert into limpeza_manutencao(cpf_funcionario, id_sala, data_hora) values ('000000028', 6, '2023-11-18 22:15:48');
            
insert into limpeza_manutencao(cpf_funcionario, id_sala, data_hora) values ('000000028', 6, '2023-11-19 22:15:48');
            
insert into limpeza_manutencao(cpf_funcionario, id_sala, data_hora) values ('000000030', 6, '2023-11-20 22:15:48');
            
insert into limpeza_manutencao(cpf_funcionario, id_sala, data_hora) values ('000000021', 7, '2023-10-22 23:15:48');
            
insert into limpeza_manutencao(cpf_funcionario, id_sala, data_hora) values ('000000022', 7, '2023-10-23 23:15:48');
            
insert into limpeza_manutencao(cpf_funcionario, id_sala, data_hora) values ('000000023', 7, '2023-10-24 23:15:48');
            
insert into limpeza_manutencao(cpf_funcionario, id_sala, data_hora) values ('000000024', 7, '2023-10-25 23:15:48');
            
insert into limpeza_manutencao(cpf_funcionario, id_sala, data_hora) values ('000000025', 7, '2023-10-26 23:15:48');
            
insert into limpeza_manutencao(cpf_funcionario, id_sala, data_hora) values ('000000026', 7, '2023-10-27 23:15:48');
            
insert into limpeza_manutencao(cpf_funcionario, id_sala, data_hora) values ('000000027', 7, '2023-10-28 23:15:48');
            
insert into limpeza_manutencao(cpf_funcionario, id_sala, data_hora) values ('000000028', 7, '2023-10-29 23:15:48');
            
insert into limpeza_manutencao(cpf_funcionario, id_sala, data_hora) values ('000000029', 7, '2023-10-30 23:15:48');
            
insert into limpeza_manutencao(cpf_funcionario, id_sala, data_hora) values ('000000030', 7, '2023-10-31 23:15:48');
            
insert into limpeza_manutencao(cpf_funcionario, id_sala, data_hora) values ('000000021', 7, '2023-11-01 23:15:48');
            
insert into limpeza_manutencao(cpf_funcionario, id_sala, data_hora) values ('000000022', 7, '2023-11-02 23:15:48');
            
insert into limpeza_manutencao(cpf_funcionario, id_sala, data_hora) values ('000000022', 7, '2023-11-03 23:15:48');
            
insert into limpeza_manutencao(cpf_funcionario, id_sala, data_hora) values ('000000024', 7, '2023-11-04 23:15:48');
            
insert into limpeza_manutencao(cpf_funcionario, id_sala, data_hora) values ('000000024', 7, '2023-11-05 23:15:48');
            
insert into limpeza_manutencao(cpf_funcionario, id_sala, data_hora) values ('000000026', 7, '2023-11-06 23:15:48');
            
insert into limpeza_manutencao(cpf_funcionario, id_sala, data_hora) values ('000000027', 7, '2023-11-07 23:15:48');
            
insert into limpeza_manutencao(cpf_funcionario, id_sala, data_hora) values ('000000028', 7, '2023-11-08 23:15:48');
            
insert into limpeza_manutencao(cpf_funcionario, id_sala, data_hora) values ('000000029', 7, '2023-11-09 23:15:48');
            
insert into limpeza_manutencao(cpf_funcionario, id_sala, data_hora) values ('000000030', 7, '2023-11-10 23:15:48');
            
insert into limpeza_manutencao(cpf_funcionario, id_sala, data_hora) values ('000000021', 7, '2023-11-11 23:15:48');
            
insert into limpeza_manutencao(cpf_funcionario, id_sala, data_hora) values ('000000022', 7, '2023-11-12 23:15:48');
            
insert into limpeza_manutencao(cpf_funcionario, id_sala, data_hora) values ('000000023', 7, '2023-11-13 23:15:48');
            
insert into limpeza_manutencao(cpf_funcionario, id_sala, data_hora) values ('000000023', 7, '2023-11-14 23:15:48');
            
insert into limpeza_manutencao(cpf_funcionario, id_sala, data_hora) values ('000000024', 7, '2023-11-15 23:15:48');
            
insert into limpeza_manutencao(cpf_funcionario, id_sala, data_hora) values ('000000026', 7, '2023-11-16 23:15:48');
            
insert into limpeza_manutencao(cpf_funcionario, id_sala, data_hora) values ('000000027', 7, '2023-11-17 23:15:48');
            
insert into limpeza_manutencao(cpf_funcionario, id_sala, data_hora) values ('000000028', 7, '2023-11-18 23:15:48');
            
insert into limpeza_manutencao(cpf_funcionario, id_sala, data_hora) values ('000000028', 7, '2023-11-19 23:15:48');
            
insert into limpeza_manutencao(cpf_funcionario, id_sala, data_hora) values ('000000030', 7, '2023-11-20 23:15:48');
            
insert into limpeza_manutencao(cpf_funcionario, id_sala, data_hora) values ('000000021', 8, '2023-10-23 00:15:48');
            
insert into limpeza_manutencao(cpf_funcionario, id_sala, data_hora) values ('000000022', 8, '2023-10-24 00:15:48');
            
insert into limpeza_manutencao(cpf_funcionario, id_sala, data_hora) values ('000000023', 8, '2023-10-25 00:15:48');
            
insert into limpeza_manutencao(cpf_funcionario, id_sala, data_hora) values ('000000024', 8, '2023-10-26 00:15:48');
            
insert into limpeza_manutencao(cpf_funcionario, id_sala, data_hora) values ('000000025', 8, '2023-10-27 00:15:48');
            
insert into limpeza_manutencao(cpf_funcionario, id_sala, data_hora) values ('000000026', 8, '2023-10-28 00:15:48');
            
insert into limpeza_manutencao(cpf_funcionario, id_sala, data_hora) values ('000000027', 8, '2023-10-29 00:15:48');
            
insert into limpeza_manutencao(cpf_funcionario, id_sala, data_hora) values ('000000028', 8, '2023-10-30 00:15:48');
            
insert into limpeza_manutencao(cpf_funcionario, id_sala, data_hora) values ('000000029', 8, '2023-10-31 00:15:48');
            
insert into limpeza_manutencao(cpf_funcionario, id_sala, data_hora) values ('000000030', 8, '2023-11-01 00:15:48');
            
insert into limpeza_manutencao(cpf_funcionario, id_sala, data_hora) values ('000000021', 8, '2023-11-02 00:15:48');
            
insert into limpeza_manutencao(cpf_funcionario, id_sala, data_hora) values ('000000022', 8, '2023-11-03 00:15:48');
            
insert into limpeza_manutencao(cpf_funcionario, id_sala, data_hora) values ('000000022', 8, '2023-11-04 00:15:48');
            
insert into limpeza_manutencao(cpf_funcionario, id_sala, data_hora) values ('000000024', 8, '2023-11-05 00:15:48');
            
insert into limpeza_manutencao(cpf_funcionario, id_sala, data_hora) values ('000000024', 8, '2023-11-06 00:15:48');
            
insert into limpeza_manutencao(cpf_funcionario, id_sala, data_hora) values ('000000026', 8, '2023-11-07 00:15:48');
            
insert into limpeza_manutencao(cpf_funcionario, id_sala, data_hora) values ('000000027', 8, '2023-11-08 00:15:48');
            
insert into limpeza_manutencao(cpf_funcionario, id_sala, data_hora) values ('000000028', 8, '2023-11-09 00:15:48');
            
insert into limpeza_manutencao(cpf_funcionario, id_sala, data_hora) values ('000000029', 8, '2023-11-10 00:15:48');
            
insert into limpeza_manutencao(cpf_funcionario, id_sala, data_hora) values ('000000030', 8, '2023-11-11 00:15:48');
            
insert into limpeza_manutencao(cpf_funcionario, id_sala, data_hora) values ('000000021', 8, '2023-11-12 00:15:48');
            
insert into limpeza_manutencao(cpf_funcionario, id_sala, data_hora) values ('000000022', 8, '2023-11-13 00:15:48');
            
insert into limpeza_manutencao(cpf_funcionario, id_sala, data_hora) values ('000000023', 8, '2023-11-14 00:15:48');
            
insert into limpeza_manutencao(cpf_funcionario, id_sala, data_hora) values ('000000023', 8, '2023-11-15 00:15:48');
            
insert into limpeza_manutencao(cpf_funcionario, id_sala, data_hora) values ('000000024', 8, '2023-11-16 00:15:48');
            
insert into limpeza_manutencao(cpf_funcionario, id_sala, data_hora) values ('000000026', 8, '2023-11-17 00:15:48');
            
insert into limpeza_manutencao(cpf_funcionario, id_sala, data_hora) values ('000000027', 8, '2023-11-18 00:15:48');
            
insert into limpeza_manutencao(cpf_funcionario, id_sala, data_hora) values ('000000028', 8, '2023-11-19 00:15:48');
            
insert into limpeza_manutencao(cpf_funcionario, id_sala, data_hora) values ('000000028', 8, '2023-11-20 00:15:48');
            
insert into limpeza_manutencao(cpf_funcionario, id_sala, data_hora) values ('000000030', 8, '2023-11-21 00:15:48');
            
insert into limpeza_manutencao(cpf_funcionario, id_sala, data_hora) values ('000000021', 9, '2023-10-23 01:15:48');
            
insert into limpeza_manutencao(cpf_funcionario, id_sala, data_hora) values ('000000022', 9, '2023-10-24 01:15:48');
            
insert into limpeza_manutencao(cpf_funcionario, id_sala, data_hora) values ('000000023', 9, '2023-10-25 01:15:48');
            
insert into limpeza_manutencao(cpf_funcionario, id_sala, data_hora) values ('000000024', 9, '2023-10-26 01:15:48');
            
insert into limpeza_manutencao(cpf_funcionario, id_sala, data_hora) values ('000000025', 9, '2023-10-27 01:15:48');
            
insert into limpeza_manutencao(cpf_funcionario, id_sala, data_hora) values ('000000026', 9, '2023-10-28 01:15:48');
            
insert into limpeza_manutencao(cpf_funcionario, id_sala, data_hora) values ('000000027', 9, '2023-10-29 01:15:48');
            
insert into limpeza_manutencao(cpf_funcionario, id_sala, data_hora) values ('000000028', 9, '2023-10-30 01:15:48');
            
insert into limpeza_manutencao(cpf_funcionario, id_sala, data_hora) values ('000000029', 9, '2023-10-31 01:15:48');
            
insert into limpeza_manutencao(cpf_funcionario, id_sala, data_hora) values ('000000030', 9, '2023-11-01 01:15:48');
            
insert into limpeza_manutencao(cpf_funcionario, id_sala, data_hora) values ('000000021', 9, '2023-11-02 01:15:48');
            
insert into limpeza_manutencao(cpf_funcionario, id_sala, data_hora) values ('000000022', 9, '2023-11-03 01:15:48');
            
insert into limpeza_manutencao(cpf_funcionario, id_sala, data_hora) values ('000000022', 9, '2023-11-04 01:15:48');
            
insert into limpeza_manutencao(cpf_funcionario, id_sala, data_hora) values ('000000024', 9, '2023-11-05 01:15:48');
            
insert into limpeza_manutencao(cpf_funcionario, id_sala, data_hora) values ('000000024', 9, '2023-11-06 01:15:48');
            
insert into limpeza_manutencao(cpf_funcionario, id_sala, data_hora) values ('000000026', 9, '2023-11-07 01:15:48');
            
insert into limpeza_manutencao(cpf_funcionario, id_sala, data_hora) values ('000000027', 9, '2023-11-08 01:15:48');
            
insert into limpeza_manutencao(cpf_funcionario, id_sala, data_hora) values ('000000028', 9, '2023-11-09 01:15:48');
            
insert into limpeza_manutencao(cpf_funcionario, id_sala, data_hora) values ('000000029', 9, '2023-11-10 01:15:48');
            
insert into limpeza_manutencao(cpf_funcionario, id_sala, data_hora) values ('000000030', 9, '2023-11-11 01:15:48');
            
insert into limpeza_manutencao(cpf_funcionario, id_sala, data_hora) values ('000000021', 9, '2023-11-12 01:15:48');
            
insert into limpeza_manutencao(cpf_funcionario, id_sala, data_hora) values ('000000022', 9, '2023-11-13 01:15:48');
            
insert into limpeza_manutencao(cpf_funcionario, id_sala, data_hora) values ('000000023', 9, '2023-11-14 01:15:48');
            
insert into limpeza_manutencao(cpf_funcionario, id_sala, data_hora) values ('000000023', 9, '2023-11-15 01:15:48');
            
insert into limpeza_manutencao(cpf_funcionario, id_sala, data_hora) values ('000000024', 9, '2023-11-16 01:15:48');
            
insert into limpeza_manutencao(cpf_funcionario, id_sala, data_hora) values ('000000026', 9, '2023-11-17 01:15:48');
            
insert into limpeza_manutencao(cpf_funcionario, id_sala, data_hora) values ('000000027', 9, '2023-11-18 01:15:48');
            
insert into limpeza_manutencao(cpf_funcionario, id_sala, data_hora) values ('000000028', 9, '2023-11-19 01:15:48');
            
insert into limpeza_manutencao(cpf_funcionario, id_sala, data_hora) values ('000000028', 9, '2023-11-20 01:15:48');
            
insert into limpeza_manutencao(cpf_funcionario, id_sala, data_hora) values ('000000030', 9, '2023-11-21 01:15:48');
            
insert into limpeza_manutencao(cpf_funcionario, id_sala, data_hora) values ('000000021', 10, '2023-10-23 02:15:48');
            
insert into limpeza_manutencao(cpf_funcionario, id_sala, data_hora) values ('000000022', 10, '2023-10-24 02:15:48');
            
insert into limpeza_manutencao(cpf_funcionario, id_sala, data_hora) values ('000000023', 10, '2023-10-25 02:15:48');
            
insert into limpeza_manutencao(cpf_funcionario, id_sala, data_hora) values ('000000024', 10, '2023-10-26 02:15:48');
            
insert into limpeza_manutencao(cpf_funcionario, id_sala, data_hora) values ('000000025', 10, '2023-10-27 02:15:48');
            
insert into limpeza_manutencao(cpf_funcionario, id_sala, data_hora) values ('000000026', 10, '2023-10-28 02:15:48');
            
insert into limpeza_manutencao(cpf_funcionario, id_sala, data_hora) values ('000000027', 10, '2023-10-29 02:15:48');
            
insert into limpeza_manutencao(cpf_funcionario, id_sala, data_hora) values ('000000028', 10, '2023-10-30 02:15:48');
            
insert into limpeza_manutencao(cpf_funcionario, id_sala, data_hora) values ('000000029', 10, '2023-10-31 02:15:48');
            
insert into limpeza_manutencao(cpf_funcionario, id_sala, data_hora) values ('000000030', 10, '2023-11-01 02:15:48');
            
insert into limpeza_manutencao(cpf_funcionario, id_sala, data_hora) values ('000000021', 10, '2023-11-02 02:15:48');
            
insert into limpeza_manutencao(cpf_funcionario, id_sala, data_hora) values ('000000022', 10, '2023-11-03 02:15:48');
            
insert into limpeza_manutencao(cpf_funcionario, id_sala, data_hora) values ('000000022', 10, '2023-11-04 02:15:48');
            
insert into limpeza_manutencao(cpf_funcionario, id_sala, data_hora) values ('000000024', 10, '2023-11-05 02:15:48');
            
insert into limpeza_manutencao(cpf_funcionario, id_sala, data_hora) values ('000000024', 10, '2023-11-06 02:15:48');
            
insert into limpeza_manutencao(cpf_funcionario, id_sala, data_hora) values ('000000026', 10, '2023-11-07 02:15:48');
            
insert into limpeza_manutencao(cpf_funcionario, id_sala, data_hora) values ('000000027', 10, '2023-11-08 02:15:48');
            
insert into limpeza_manutencao(cpf_funcionario, id_sala, data_hora) values ('000000028', 10, '2023-11-09 02:15:48');
            
insert into limpeza_manutencao(cpf_funcionario, id_sala, data_hora) values ('000000029', 10, '2023-11-10 02:15:48');
            
insert into limpeza_manutencao(cpf_funcionario, id_sala, data_hora) values ('000000030', 10, '2023-11-11 02:15:48');
            
insert into limpeza_manutencao(cpf_funcionario, id_sala, data_hora) values ('000000021', 10, '2023-11-12 02:15:48');
            
insert into limpeza_manutencao(cpf_funcionario, id_sala, data_hora) values ('000000022', 10, '2023-11-13 02:15:48');
            
insert into limpeza_manutencao(cpf_funcionario, id_sala, data_hora) values ('000000023', 10, '2023-11-14 02:15:48');
            
insert into limpeza_manutencao(cpf_funcionario, id_sala, data_hora) values ('000000023', 10, '2023-11-15 02:15:48');
            
insert into limpeza_manutencao(cpf_funcionario, id_sala, data_hora) values ('000000024', 10, '2023-11-16 02:15:48');
            
insert into limpeza_manutencao(cpf_funcionario, id_sala, data_hora) values ('000000026', 10, '2023-11-17 02:15:48');
            
insert into limpeza_manutencao(cpf_funcionario, id_sala, data_hora) values ('000000027', 10, '2023-11-18 02:15:48');
            
insert into limpeza_manutencao(cpf_funcionario, id_sala, data_hora) values ('000000028', 10, '2023-11-19 02:15:48');
            
insert into limpeza_manutencao(cpf_funcionario, id_sala, data_hora) values ('000000028', 10, '2023-11-20 02:15:48');
            
insert into limpeza_manutencao(cpf_funcionario, id_sala, data_hora) values ('000000030', 10, '2023-11-21 02:15:48');
            